{
  "metadata": {
    "total_size": 28334581760
  },
  "weight_map": {
    "lm_head.weight": "pytorch_model-00003-of-00003.bin",
    "transformer.h.0.attn.c_attn.bias": "pytorch_model-00001-of-00003.bin",
    "transformer.h.0.attn.c_attn.weight": "pytorch_model-00001-of-00003.bin",
    "transformer.h.0.attn.c_proj.weight": "pytorch_model-00001-of-00003.bin",
    "transformer.h.0.ln_1.weight": "pytorch_model-00001-of-00003.bin",
    "transformer.h.0.ln_2.weight": "pytorch_model-00001-of-00003.bin",
    "transformer.h.0.mlp.c_proj.weight": "pytorch_model-00001-of-00003.bin",
    "transformer.h.0.mlp.w1.weight": "pytorch_model-00001-of-00003.bin",
    "transformer.h.0.mlp.w2.weight": "pytorch_model-00001-of-00003.bin",
    "transformer.h.1.attn.c_attn.bias": "pytorch_model-00001-of-00003.bin",
    "transformer.h.1.attn.c_attn.weight": "pytorch_model-00001-of-00003.bin",
    "transformer.h.1.attn.c_proj.weight": "pytorch_model-00001-of-00003.bin",
    "transformer.h.1.ln_1.weight": "pytorch_model-00001-of-00003.bin",
    "transformer.h.1.ln_2.weight": "pytorch_model-00001-of-00003.bin",
    "transformer.h.1.mlp.c_proj.weight": "pytorch_model-00001-of-00003.bin",
    "transformer.h.1.mlp.w1.weight": "pytorch_model-00001-of-00003.bin",
    "transformer.h.1.mlp.w2.weight": "pytorch_model-00001-of-00003.bin",
    "transformer.h.10.attn.c_attn.bias": "pytorch_model-00001-of-00003.bin",
    "transformer.h.10.attn.c_attn.weight": "pytorch_model-00001-of-00003.bin",
    "transformer.h.10.attn.c_proj.weight": "pytorch_model-00001-of-00003.bin",
    "transformer.h.10.ln_1.weight": "pytorch_model-00001-of-00003.bin",
    "transformer.h.10.ln_2.weight": "pytorch_model-00001-of-00003.bin",
    "transformer.h.10.mlp.c_proj.weight": "pytorch_model-00001-of-00003.bin",
    "transformer.h.10.mlp.w1.weight": "pytorch_model-00001-of-00003.bin",
    "transformer.h.10.mlp.w2.weight": "pytorch_model-00001-of-00003.bin",
    "transformer.h.11.attn.c_attn.bias": "pytorch_model-00001-of-00003.bin",
    "transformer.h.11.attn.c_attn.weight": "pytorch_model-00001-of-00003.bin",
    "transformer.h.11.attn.c_proj.weight": "pytorch_model-00001-of-00003.bin",
    "transformer.h.11.ln_1.weight": "pytorch_model-00001-of-00003.bin",
    "transformer.h.11.ln_2.weight": "pytorch_model-00001-of-00003.bin",
    "transformer.h.11.mlp.c_proj.weight": "pytorch_model-00001-of-00003.bin",
    "transformer.h.11.mlp.w1.weight": "pytorch_model-00001-of-00003.bin",
    "transformer.h.11.mlp.w2.weight": "pytorch_model-00001-of-00003.bin",
    "transformer.h.12.attn.c_attn.bias": "pytorch_model-00001-of-00003.bin",
    "transformer.h.12.attn.c_attn.weight": "pytorch_model-00001-of-00003.bin",
    "transformer.h.12.attn.c_proj.weight": "pytorch_model-00001-of-00003.bin",
    "transformer.h.12.ln_1.weight": "pytorch_model-00001-of-00003.bin",
    "transformer.h.12.ln_2.weight": "pytorch_model-00001-of-00003.bin",
    "transformer.h.12.mlp.c_proj.weight": "pytorch_model-00001-of-00003.bin",
    "transformer.h.12.mlp.w1.weight": "pytorch_model-00001-of-00003.bin",
    "transformer.h.12.mlp.w2.weight": "pytorch_model-00001-of-00003.bin",
    "transformer.h.13.attn.c_attn.bias": "pytorch_model-00001-of-00003.bin",
    "transformer.h.13.attn.c_attn.weight": "pytorch_model-00001-of-00003.bin",
    "transformer.h.13.attn.c_proj.weight": "pytorch_model-00001-of-00003.bin",
    "transformer.h.13.ln_1.weight": "pytorch_model-00001-of-00003.bin",
    "transformer.h.13.ln_2.weight": "pytorch_model-00001-of-00003.bin",
    "transformer.h.13.mlp.c_proj.weight": "pytorch_model-00002-of-00003.bin",
    "transformer.h.13.mlp.w1.weight": "pytorch_model-00002-of-00003.bin",
    "transformer.h.13.mlp.w2.weight": "pytorch_model-00002-of-00003.bin",
    "transformer.h.14.attn.c_attn.bias": "pytorch_model-00002-of-00003.bin",
    "transformer.h.14.attn.c_attn.weight": "pytorch_model-00002-of-00003.bin",
    "transformer.h.14.attn.c_proj.weight": "pytorch_model-00002-of-00003.bin",
    "transformer.h.14.ln_1.weight": "pytorch_model-00002-of-00003.bin",
    "transformer.h.14.ln_2.weight": "pytorch_model-00002-of-00003.bin",
    "transformer.h.14.mlp.c_proj.weight": "pytorch_model-00002-of-00003.bin",
    "transformer.h.14.mlp.w1.weight": "pytorch_model-00002-of-00003.bin",
    "transformer.h.14.mlp.w2.weight": "pytorch_model-00002-of-00003.bin",
    "transformer.h.15.attn.c_attn.bias": "pytorch_model-00002-of-00003.bin",
    "transformer.h.15.attn.c_attn.weight": "pytorch_model-00002-of-00003.bin",
    "transformer.h.15.attn.c_proj.weight": "pytorch_model-00002-of-00003.bin",
    "transformer.h.15.ln_1.weight": "pytorch_model-00002-of-00003.bin",
    "transformer.h.15.ln_2.weight": "pytorch_model-00002-of-00003.bin",
    "transformer.h.15.mlp.c_proj.weight": "pytorch_model-00002-of-00003.bin",
    "transformer.h.15.mlp.w1.weight": "pytorch_model-00002-of-00003.bin",
    "transformer.h.15.mlp.w2.weight": "pytorch_model-00002-of-00003.bin",
    "transformer.h.16.attn.c_attn.bias": "pytorch_model-00002-of-00003.bin",
    "transformer.h.16.attn.c_attn.weight": "pytorch_model-00002-of-00003.bin",
    "transformer.h.16.attn.c_proj.weight": "pytorch_model-00002-of-00003.bin",
    "transformer.h.16.ln_1.weight": "pytorch_model-00002-of-00003.bin",
    "transformer.h.16.ln_2.weight": "pytorch_model-00002-of-00003.bin",
    "transformer.h.16.mlp.c_proj.weight": "pytorch_model-00002-of-00003.bin",
    "transformer.h.16.mlp.w1.weight": "pytorch_model-00002-of-00003.bin",
    "transformer.h.16.mlp.w2.weight": "pytorch_model-00002-of-00003.bin",
    "transformer.h.17.attn.c_attn.bias": "pytorch_model-00002-of-00003.bin",
    "transformer.h.17.attn.c_attn.weight": "pytorch_model-00002-of-00003.bin",
    "transformer.h.17.attn.c_proj.weight": "pytorch_model-00002-of-00003.bin",
    "transformer.h.17.ln_1.weight": "pytorch_model-00002-of-00003.bin",
    "transformer.h.17.ln_2.weight": "pytorch_model-00002-of-00003.bin",
    "transformer.h.17.mlp.c_proj.weight": "pytorch_model-00002-of-00003.bin",
    "transformer.h.17.mlp.w1.weight": "pytorch_model-00002-of-00003.bin",
    "transformer.h.17.mlp.w2.weight": "pytorch_model-00002-of-00003.bin",
    "transformer.h.18.attn.c_attn.bias": "pytorch_model-00002-of-00003.bin",
    "transformer.h.18.attn.c_attn.weight": "pytorch_model-00002-of-00003.bin",
    "transformer.h.18.attn.c_proj.weight": "pytorch_model-00002-of-00003.bin",
    "transformer.h.18.ln_1.weight": "pytorch_model-00002-of-00003.bin",
    "transformer.h.18.ln_2.weight": "pytorch_model-00002-of-00003.bin",
    "transformer.h.18.mlp.c_proj.weight": "pytorch_model-00002-of-00003.bin",
    "transformer.h.18.mlp.w1.weight": "pytorch_model-00002-of-00003.bin",
    "transformer.h.18.mlp.w2.weight": "pytorch_model-00002-of-00003.bin",
    "transformer.h.19.attn.c_attn.bias": "pytorch_model-00002-of-00003.bin",
    "transformer.h.19.attn.c_attn.weight": "pytorch_model-00002-of-00003.bin",
    "transformer.h.19.attn.c_proj.weight": "pytorch_model-00002-of-00003.bin",
    "transformer.h.19.ln_1.weight": "pytorch_model-00002-of-00003.bin",
    "transformer.h.19.ln_2.weight": "pytorch_model-00002-of-00003.bin",
    "transformer.h.19.mlp.c_proj.weight": "pytorch_model-00002-of-00003.bin",
    "transformer.h.19.mlp.w1.weight": "pytorch_model-00002-of-00003.bin",
    "transformer.h.19.mlp.w2.weight": "pytorch_model-00002-of-00003.bin",
    "transformer.h.2.attn.c_attn.bias": "pytorch_model-00001-of-00003.bin",
    "transformer.h.2.attn.c_attn.weight": "pytorch_model-00001-of-00003.bin",
    "transformer.h.2.attn.c_proj.weight": "pytorch_model-00001-of-00003.bin",
    "transformer.h.2.ln_1.weight": "pytorch_model-00001-of-00003.bin",
    "transformer.h.2.ln_2.weight": "pytorch_model-00001-of-00003.bin",
    "transformer.h.2.mlp.c_proj.weight": "pytorch_model-00001-of-00003.bin",
    "transformer.h.2.mlp.w1.weight": "pytorch_model-00001-of-00003.bin",
    "transformer.h.2.mlp.w2.weight": "pytorch_model-00001-of-00003.bin",
    "transformer.h.20.attn.c_attn.bias": "pytorch_model-00002-of-00003.bin",
    "transformer.h.20.attn.c_attn.weight": "pytorch_model-00002-of-00003.bin",
    "transformer.h.20.attn.c_proj.weight": "pytorch_model-00002-of-00003.bin",
    "transformer.h.20.ln_1.weight": "pytorch_model-00002-of-00003.bin",
    "transformer.h.20.ln_2.weight": "pytorch_model-00002-of-00003.bin",
    "transformer.h.20.mlp.c_proj.weight": "pytorch_model-00002-of-00003.bin",
    "transformer.h.20.mlp.w1.weight": "pytorch_model-00002-of-00003.bin",
    "transformer.h.20.mlp.w2.weight": "pytorch_model-00002-of-00003.bin",
    "transformer.h.21.attn.c_attn.bias": "pytorch_model-00002-of-00003.bin",
    "transformer.h.21.attn.c_attn.weight": "pytorch_model-00002-of-00003.bin",
    "transformer.h.21.attn.c_proj.weight": "pytorch_model-00002-of-00003.bin",
    "transformer.h.21.ln_1.weight": "pytorch_model-00002-of-00003.bin",
    "transformer.h.21.ln_2.weight": "pytorch_model-00002-of-00003.bin",
    "transformer.h.21.mlp.c_proj.weight": "pytorch_model-00002-of-00003.bin",
    "transformer.h.21.mlp.w1.weight": "pytorch_model-00002-of-00003.bin",
    "transformer.h.21.mlp.w2.weight": "pytorch_model-00002-of-00003.bin",
    "transformer.h.22.attn.c_attn.bias": "pytorch_model-00002-of-00003.bin",
    "transformer.h.22.attn.c_attn.weight": "pytorch_model-00002-of-00003.bin",
    "transformer.h.22.attn.c_proj.weight": "pytorch_model-00002-of-00003.bin",
    "transformer.h.22.ln_1.weight": "pytorch_model-00002-of-00003.bin",
    "transformer.h.22.ln_2.weight": "pytorch_model-00002-of-00003.bin",
    "transformer.h.22.mlp.c_proj.weight": "pytorch_model-00002-of-00003.bin",
    "transformer.h.22.mlp.w1.weight": "pytorch_model-00002-of-00003.bin",
    "transformer.h.22.mlp.w2.weight": "pytorch_model-00002-of-00003.bin",
    "transformer.h.23.attn.c_attn.bias": "pytorch_model-00002-of-00003.bin",
    "transformer.h.23.attn.c_attn.weight": "pytorch_model-00002-of-00003.bin",
    "transformer.h.23.attn.c_proj.weight": "pytorch_model-00002-of-00003.bin",
    "transformer.h.23.ln_1.weight": "pytorch_model-00002-of-00003.bin",
    "transformer.h.23.ln_2.weight": "pytorch_model-00002-of-00003.bin",
    "transformer.h.23.mlp.c_proj.weight": "pytorch_model-00002-of-00003.bin",
    "transformer.h.23.mlp.w1.weight": "pytorch_model-00002-of-00003.bin",
    "transformer.h.23.mlp.w2.weight": "pytorch_model-00002-of-00003.bin",
    "transformer.h.24.attn.c_attn.bias": "pytorch_model-00002-of-00003.bin",
    "transformer.h.24.attn.c_attn.weight": "pytorch_model-00002-of-00003.bin",
    "transformer.h.24.attn.c_proj.weight": "pytorch_model-00002-of-00003.bin",
    "transformer.h.24.ln_1.weight": "pytorch_model-00002-of-00003.bin",
    "transformer.h.24.ln_2.weight": "pytorch_model-00002-of-00003.bin",
    "transformer.h.24.mlp.c_proj.weight": "pytorch_model-00002-of-00003.bin",
    "transformer.h.24.mlp.w1.weight": "pytorch_model-00002-of-00003.bin",
    "transformer.h.24.mlp.w2.weight": "pytorch_model-00002-of-00003.bin",
    "transformer.h.25.attn.c_attn.bias": "pytorch_model-00002-of-00003.bin",
    "transformer.h.25.attn.c_attn.weight": "pytorch_model-00002-of-00003.bin",
    "transformer.h.25.attn.c_proj.weight": "pytorch_model-00002-of-00003.bin",
    "transformer.h.25.ln_1.weight": "pytorch_model-00002-of-00003.bin",
    "transformer.h.25.ln_2.weight": "pytorch_model-00002-of-00003.bin",
    "transformer.h.25.mlp.c_proj.weight": "pytorch_model-00002-of-00003.bin",
    "transformer.h.25.mlp.w1.weight": "pytorch_model-00002-of-00003.bin",
    "transformer.h.25.mlp.w2.weight": "pytorch_model-00002-of-00003.bin",
    "transformer.h.26.attn.c_attn.bias": "pytorch_model-00002-of-00003.bin",
    "transformer.h.26.attn.c_attn.weight": "pytorch_model-00002-of-00003.bin",
    "transformer.h.26.attn.c_proj.weight": "pytorch_model-00002-of-00003.bin",
    "transformer.h.26.ln_1.weight": "pytorch_model-00002-of-00003.bin",
    "transformer.h.26.ln_2.weight": "pytorch_model-00002-of-00003.bin",
    "transformer.h.26.mlp.c_proj.weight": "pytorch_model-00002-of-00003.bin",
    "transformer.h.26.mlp.w1.weight": "pytorch_model-00002-of-00003.bin",
    "transformer.h.26.mlp.w2.weight": "pytorch_model-00002-of-00003.bin",
    "transformer.h.27.attn.c_attn.bias": "pytorch_model-00002-of-00003.bin",
    "transformer.h.27.attn.c_attn.weight": "pytorch_model-00002-of-00003.bin",
    "transformer.h.27.attn.c_proj.weight": "pytorch_model-00002-of-00003.bin",
    "transformer.h.27.ln_1.weight": "pytorch_model-00002-of-00003.bin",
    "transformer.h.27.ln_2.weight": "pytorch_model-00002-of-00003.bin",
    "transformer.h.27.mlp.c_proj.weight": "pytorch_model-00002-of-00003.bin",
    "transformer.h.27.mlp.w1.weight": "pytorch_model-00002-of-00003.bin",
    "transformer.h.27.mlp.w2.weight": "pytorch_model-00002-of-00003.bin",
    "transformer.h.28.attn.c_attn.bias": "pytorch_model-00002-of-00003.bin",
    "transformer.h.28.attn.c_attn.weight": "pytorch_model-00002-of-00003.bin",
    "transformer.h.28.attn.c_proj.weight": "pytorch_model-00002-of-00003.bin",
    "transformer.h.28.ln_1.weight": "pytorch_model-00002-of-00003.bin",
    "transformer.h.28.ln_2.weight": "pytorch_model-00002-of-00003.bin",
    "transformer.h.28.mlp.c_proj.weight": "pytorch_model-00002-of-00003.bin",
    "transformer.h.28.mlp.w1.weight": "pytorch_model-00002-of-00003.bin",
    "transformer.h.28.mlp.w2.weight": "pytorch_model-00002-of-00003.bin",
    "transformer.h.29.attn.c_attn.bias": "pytorch_model-00003-of-00003.bin",
    "transformer.h.29.attn.c_attn.weight": "pytorch_model-00003-of-00003.bin",
    "transformer.h.29.attn.c_proj.weight": "pytorch_model-00003-of-00003.bin",
    "transformer.h.29.ln_1.weight": "pytorch_model-00002-of-00003.bin",
    "transformer.h.29.ln_2.weight": "pytorch_model-00003-of-00003.bin",
    "transformer.h.29.mlp.c_proj.weight": "pytorch_model-00003-of-00003.bin",
    "transformer.h.29.mlp.w1.weight": "pytorch_model-00003-of-00003.bin",
    "transformer.h.29.mlp.w2.weight": "pytorch_model-00003-of-00003.bin",
    "transformer.h.3.attn.c_attn.bias": "pytorch_model-00001-of-00003.bin",
    "transformer.h.3.attn.c_attn.weight": "pytorch_model-00001-of-00003.bin",
    "transformer.h.3.attn.c_proj.weight": "pytorch_model-00001-of-00003.bin",
    "transformer.h.3.ln_1.weight": "pytorch_model-00001-of-00003.bin",
    "transformer.h.3.ln_2.weight": "pytorch_model-00001-of-00003.bin",
    "transformer.h.3.mlp.c_proj.weight": "pytorch_model-00001-of-00003.bin",
    "transformer.h.3.mlp.w1.weight": "pytorch_model-00001-of-00003.bin",
    "transformer.h.3.mlp.w2.weight": "pytorch_model-00001-of-00003.bin",
    "transformer.h.30.attn.c_attn.bias": "pytorch_model-00003-of-00003.bin",
    "transformer.h.30.attn.c_attn.weight": "pytorch_model-00003-of-00003.bin",
    "transformer.h.30.attn.c_proj.weight": "pytorch_model-00003-of-00003.bin",
    "transformer.h.30.ln_1.weight": "pytorch_model-00003-of-00003.bin",
    "transformer.h.30.ln_2.weight": "pytorch_model-00003-of-00003.bin",
    "transformer.h.30.mlp.c_proj.weight": "pytorch_model-00003-of-00003.bin",
    "transformer.h.30.mlp.w1.weight": "pytorch_model-00003-of-00003.bin",
    "transformer.h.30.mlp.w2.weight": "pytorch_model-00003-of-00003.bin",
    "transformer.h.31.attn.c_attn.bias": "pytorch_model-00003-of-00003.bin",
    "transformer.h.31.attn.c_attn.weight": "pytorch_model-00003-of-00003.bin",
    "transformer.h.31.attn.c_proj.weight": "pytorch_model-00003-of-00003.bin",
    "transformer.h.31.ln_1.weight": "pytorch_model-00003-of-00003.bin",
    "transformer.h.31.ln_2.weight": "pytorch_model-00003-of-00003.bin",
    "transformer.h.31.mlp.c_proj.weight": "pytorch_model-00003-of-00003.bin",
    "transformer.h.31.mlp.w1.weight": "pytorch_model-00003-of-00003.bin",
    "transformer.h.31.mlp.w2.weight": "pytorch_model-00003-of-00003.bin",
    "transformer.h.32.attn.c_attn.bias": "pytorch_model-00003-of-00003.bin",
    "transformer.h.32.attn.c_attn.weight": "pytorch_model-00003-of-00003.bin",
    "transformer.h.32.attn.c_proj.weight": "pytorch_model-00003-of-00003.bin",
    "transformer.h.32.ln_1.weight": "pytorch_model-00003-of-00003.bin",
    "transformer.h.32.ln_2.weight": "pytorch_model-00003-of-00003.bin",
    "transformer.h.32.mlp.c_proj.weight": "pytorch_model-00003-of-00003.bin",
    "transformer.h.32.mlp.w1.weight": "pytorch_model-00003-of-00003.bin",
    "transformer.h.32.mlp.w2.weight": "pytorch_model-00003-of-00003.bin",
    "transformer.h.33.attn.c_attn.bias": "pytorch_model-00003-of-00003.bin",
    "transformer.h.33.attn.c_attn.weight": "pytorch_model-00003-of-00003.bin",
    "transformer.h.33.attn.c_proj.weight": "pytorch_model-00003-of-00003.bin",
    "transformer.h.33.ln_1.weight": "pytorch_model-00003-of-00003.bin",
    "transformer.h.33.ln_2.weight": "pytorch_model-00003-of-00003.bin",
    "transformer.h.33.mlp.c_proj.weight": "pytorch_model-00003-of-00003.bin",
    "transformer.h.33.mlp.w1.weight": "pytorch_model-00003-of-00003.bin",
    "transformer.h.33.mlp.w2.weight": "pytorch_model-00003-of-00003.bin",
    "transformer.h.34.attn.c_attn.bias": "pytorch_model-00003-of-00003.bin",
    "transformer.h.34.attn.c_attn.weight": "pytorch_model-00003-of-00003.bin",
    "transformer.h.34.attn.c_proj.weight": "pytorch_model-00003-of-00003.bin",
    "transformer.h.34.ln_1.weight": "pytorch_model-00003-of-00003.bin",
    "transformer.h.34.ln_2.weight": "pytorch_model-00003-of-00003.bin",
    "transformer.h.34.mlp.c_proj.weight": "pytorch_model-00003-of-00003.bin",
    "transformer.h.34.mlp.w1.weight": "pytorch_model-00003-of-00003.bin",
    "transformer.h.34.mlp.w2.weight": "pytorch_model-00003-of-00003.bin",
    "transformer.h.35.attn.c_attn.bias": "pytorch_model-00003-of-00003.bin",
    "transformer.h.35.attn.c_attn.weight": "pytorch_model-00003-of-00003.bin",
    "transformer.h.35.attn.c_proj.weight": "pytorch_model-00003-of-00003.bin",
    "transformer.h.35.ln_1.weight": "pytorch_model-00003-of-00003.bin",
    "transformer.h.35.ln_2.weight": "pytorch_model-00003-of-00003.bin",
    "transformer.h.35.mlp.c_proj.weight": "pytorch_model-00003-of-00003.bin",
    "transformer.h.35.mlp.w1.weight": "pytorch_model-00003-of-00003.bin",
    "transformer.h.35.mlp.w2.weight": "pytorch_model-00003-of-00003.bin",
    "transformer.h.36.attn.c_attn.bias": "pytorch_model-00003-of-00003.bin",
    "transformer.h.36.attn.c_attn.weight": "pytorch_model-00003-of-00003.bin",
    "transformer.h.36.attn.c_proj.weight": "pytorch_model-00003-of-00003.bin",
    "transformer.h.36.ln_1.weight": "pytorch_model-00003-of-00003.bin",
    "transformer.h.36.ln_2.weight": "pytorch_model-00003-of-00003.bin",
    "transformer.h.36.mlp.c_proj.weight": "pytorch_model-00003-of-00003.bin",
    "transformer.h.36.mlp.w1.weight": "pytorch_model-00003-of-00003.bin",
    "transformer.h.36.mlp.w2.weight": "pytorch_model-00003-of-00003.bin",
    "transformer.h.37.attn.c_attn.bias": "pytorch_model-00003-of-00003.bin",
    "transformer.h.37.attn.c_attn.weight": "pytorch_model-00003-of-00003.bin",
    "transformer.h.37.attn.c_proj.weight": "pytorch_model-00003-of-00003.bin",
    "transformer.h.37.ln_1.weight": "pytorch_model-00003-of-00003.bin",
    "transformer.h.37.ln_2.weight": "pytorch_model-00003-of-00003.bin",
    "transformer.h.37.mlp.c_proj.weight": "pytorch_model-00003-of-00003.bin",
    "transformer.h.37.mlp.w1.weight": "pytorch_model-00003-of-00003.bin",
    "transformer.h.37.mlp.w2.weight": "pytorch_model-00003-of-00003.bin",
    "transformer.h.38.attn.c_attn.bias": "pytorch_model-00003-of-00003.bin",
    "transformer.h.38.attn.c_attn.weight": "pytorch_model-00003-of-00003.bin",
    "transformer.h.38.attn.c_proj.weight": "pytorch_model-00003-of-00003.bin",
    "transformer.h.38.ln_1.weight": "pytorch_model-00003-of-00003.bin",
    "transformer.h.38.ln_2.weight": "pytorch_model-00003-of-00003.bin",
    "transformer.h.38.mlp.c_proj.weight": "pytorch_model-00003-of-00003.bin",
    "transformer.h.38.mlp.w1.weight": "pytorch_model-00003-of-00003.bin",
    "transformer.h.38.mlp.w2.weight": "pytorch_model-00003-of-00003.bin",
    "transformer.h.39.attn.c_attn.bias": "pytorch_model-00003-of-00003.bin",
    "transformer.h.39.attn.c_attn.weight": "pytorch_model-00003-of-00003.bin",
    "transformer.h.39.attn.c_proj.weight": "pytorch_model-00003-of-00003.bin",
    "transformer.h.39.ln_1.weight": "pytorch_model-00003-of-00003.bin",
    "transformer.h.39.ln_2.weight": "pytorch_model-00003-of-00003.bin",
    "transformer.h.39.mlp.c_proj.weight": "pytorch_model-00003-of-00003.bin",
    "transformer.h.39.mlp.w1.weight": "pytorch_model-00003-of-00003.bin",
    "transformer.h.39.mlp.w2.weight": "pytorch_model-00003-of-00003.bin",
    "transformer.h.4.attn.c_attn.bias": "pytorch_model-00001-of-00003.bin",
    "transformer.h.4.attn.c_attn.weight": "pytorch_model-00001-of-00003.bin",
    "transformer.h.4.attn.c_proj.weight": "pytorch_model-00001-of-00003.bin",
    "transformer.h.4.ln_1.weight": "pytorch_model-00001-of-00003.bin",
    "transformer.h.4.ln_2.weight": "pytorch_model-00001-of-00003.bin",
    "transformer.h.4.mlp.c_proj.weight": "pytorch_model-00001-of-00003.bin",
    "transformer.h.4.mlp.w1.weight": "pytorch_model-00001-of-00003.bin",
    "transformer.h.4.mlp.w2.weight": "pytorch_model-00001-of-00003.bin",
    "transformer.h.5.attn.c_attn.bias": "pytorch_model-00001-of-00003.bin",
    "transformer.h.5.attn.c_attn.weight": "pytorch_model-00001-of-00003.bin",
    "transformer.h.5.attn.c_proj.weight": "pytorch_model-00001-of-00003.bin",
    "transformer.h.5.ln_1.weight": "pytorch_model-00001-of-00003.bin",
    "transformer.h.5.ln_2.weight": "pytorch_model-00001-of-00003.bin",
    "transformer.h.5.mlp.c_proj.weight": "pytorch_model-00001-of-00003.bin",
    "transformer.h.5.mlp.w1.weight": "pytorch_model-00001-of-00003.bin",
    "transformer.h.5.mlp.w2.weight": "pytorch_model-00001-of-00003.bin",
    "transformer.h.6.attn.c_attn.bias": "pytorch_model-00001-of-00003.bin",
    "transformer.h.6.attn.c_attn.weight": "pytorch_model-00001-of-00003.bin",
    "transformer.h.6.attn.c_proj.weight": "pytorch_model-00001-of-00003.bin",
    "transformer.h.6.ln_1.weight": "pytorch_model-00001-of-00003.bin",
    "transformer.h.6.ln_2.weight": "pytorch_model-00001-of-00003.bin",
    "transformer.h.6.mlp.c_proj.weight": "pytorch_model-00001-of-00003.bin",
    "transformer.h.6.mlp.w1.weight": "pytorch_model-00001-of-00003.bin",
    "transformer.h.6.mlp.w2.weight": "pytorch_model-00001-of-00003.bin",
    "transformer.h.7.attn.c_attn.bias": "pytorch_model-00001-of-00003.bin",
    "transformer.h.7.attn.c_attn.weight": "pytorch_model-00001-of-00003.bin",
    "transformer.h.7.attn.c_proj.weight": "pytorch_model-00001-of-00003.bin",
    "transformer.h.7.ln_1.weight": "pytorch_model-00001-of-00003.bin",
    "transformer.h.7.ln_2.weight": "pytorch_model-00001-of-00003.bin",
    "transformer.h.7.mlp.c_proj.weight": "pytorch_model-00001-of-00003.bin",
    "transformer.h.7.mlp.w1.weight": "pytorch_model-00001-of-00003.bin",
    "transformer.h.7.mlp.w2.weight": "pytorch_model-00001-of-00003.bin",
    "transformer.h.8.attn.c_attn.bias": "pytorch_model-00001-of-00003.bin",
    "transformer.h.8.attn.c_attn.weight": "pytorch_model-00001-of-00003.bin",
    "transformer.h.8.attn.c_proj.weight": "pytorch_model-00001-of-00003.bin",
    "transformer.h.8.ln_1.weight": "pytorch_model-00001-of-00003.bin",
    "transformer.h.8.ln_2.weight": "pytorch_model-00001-of-00003.bin",
    "transformer.h.8.mlp.c_proj.weight": "pytorch_model-00001-of-00003.bin",
    "transformer.h.8.mlp.w1.weight": "pytorch_model-00001-of-00003.bin",
    "transformer.h.8.mlp.w2.weight": "pytorch_model-00001-of-00003.bin",
    "transformer.h.9.attn.c_attn.bias": "pytorch_model-00001-of-00003.bin",
    "transformer.h.9.attn.c_attn.weight": "pytorch_model-00001-of-00003.bin",
    "transformer.h.9.attn.c_proj.weight": "pytorch_model-00001-of-00003.bin",
    "transformer.h.9.ln_1.weight": "pytorch_model-00001-of-00003.bin",
    "transformer.h.9.ln_2.weight": "pytorch_model-00001-of-00003.bin",
    "transformer.h.9.mlp.c_proj.weight": "pytorch_model-00001-of-00003.bin",
    "transformer.h.9.mlp.w1.weight": "pytorch_model-00001-of-00003.bin",
    "transformer.h.9.mlp.w2.weight": "pytorch_model-00001-of-00003.bin",
    "transformer.ln_f.weight": "pytorch_model-00003-of-00003.bin",
    "transformer.wte.weight": "pytorch_model-00001-of-00003.bin"
  }
}
