{
  "best_metric": null,
  "best_model_checkpoint": null,
  "epoch": 2.9917420369642156,
  "eval_steps": 500,
  "global_step": 951,
  "is_hyper_param_search": false,
  "is_local_process_zero": true,
  "is_world_process_zero": true,
  "log_history": [
    {
      "epoch": 0.0,
      "learning_rate": 0.0,
      "loss": 1.2647,
      "step": 1
    },
    {
      "epoch": 0.01,
      "learning_rate": 3.0102999566398115e-06,
      "loss": 1.2862,
      "step": 2
    },
    {
      "epoch": 0.01,
      "learning_rate": 4.771212547196624e-06,
      "loss": 1.2935,
      "step": 3
    },
    {
      "epoch": 0.01,
      "learning_rate": 6.020599913279623e-06,
      "loss": 1.3112,
      "step": 4
    },
    {
      "epoch": 0.02,
      "learning_rate": 6.989700043360187e-06,
      "loss": 1.2541,
      "step": 5
    },
    {
      "epoch": 0.02,
      "learning_rate": 7.781512503836437e-06,
      "loss": 1.271,
      "step": 6
    },
    {
      "epoch": 0.02,
      "learning_rate": 8.450980400142568e-06,
      "loss": 1.2159,
      "step": 7
    },
    {
      "epoch": 0.03,
      "learning_rate": 9.030899869919434e-06,
      "loss": 1.1204,
      "step": 8
    },
    {
      "epoch": 0.03,
      "learning_rate": 9.542425094393249e-06,
      "loss": 1.1605,
      "step": 9
    },
    {
      "epoch": 0.03,
      "learning_rate": 9.999999999999999e-06,
      "loss": 1.205,
      "step": 10
    },
    {
      "epoch": 0.03,
      "learning_rate": 1e-05,
      "loss": 1.1515,
      "step": 11
    },
    {
      "epoch": 0.04,
      "learning_rate": 1e-05,
      "loss": 1.1705,
      "step": 12
    },
    {
      "epoch": 0.04,
      "learning_rate": 1e-05,
      "loss": 1.1742,
      "step": 13
    },
    {
      "epoch": 0.04,
      "learning_rate": 1e-05,
      "loss": 1.1179,
      "step": 14
    },
    {
      "epoch": 0.05,
      "learning_rate": 1e-05,
      "loss": 1.2051,
      "step": 15
    },
    {
      "epoch": 0.05,
      "learning_rate": 1e-05,
      "loss": 1.1723,
      "step": 16
    },
    {
      "epoch": 0.05,
      "learning_rate": 1e-05,
      "loss": 1.1182,
      "step": 17
    },
    {
      "epoch": 0.06,
      "learning_rate": 1e-05,
      "loss": 1.1484,
      "step": 18
    },
    {
      "epoch": 0.06,
      "learning_rate": 1e-05,
      "loss": 1.1844,
      "step": 19
    },
    {
      "epoch": 0.06,
      "learning_rate": 1e-05,
      "loss": 1.1668,
      "step": 20
    },
    {
      "epoch": 0.07,
      "learning_rate": 1e-05,
      "loss": 1.1327,
      "step": 21
    },
    {
      "epoch": 0.07,
      "learning_rate": 1e-05,
      "loss": 1.0973,
      "step": 22
    },
    {
      "epoch": 0.07,
      "learning_rate": 1e-05,
      "loss": 1.0668,
      "step": 23
    },
    {
      "epoch": 0.08,
      "learning_rate": 1e-05,
      "loss": 1.0666,
      "step": 24
    },
    {
      "epoch": 0.08,
      "learning_rate": 1e-05,
      "loss": 1.1185,
      "step": 25
    },
    {
      "epoch": 0.08,
      "learning_rate": 1e-05,
      "loss": 1.1096,
      "step": 26
    },
    {
      "epoch": 0.08,
      "learning_rate": 1e-05,
      "loss": 1.0953,
      "step": 27
    },
    {
      "epoch": 0.09,
      "learning_rate": 1e-05,
      "loss": 1.0956,
      "step": 28
    },
    {
      "epoch": 0.09,
      "learning_rate": 1e-05,
      "loss": 1.0962,
      "step": 29
    },
    {
      "epoch": 0.09,
      "learning_rate": 1e-05,
      "loss": 1.1077,
      "step": 30
    },
    {
      "epoch": 0.1,
      "learning_rate": 1e-05,
      "loss": 1.0883,
      "step": 31
    },
    {
      "epoch": 0.1,
      "learning_rate": 1e-05,
      "loss": 1.0463,
      "step": 32
    },
    {
      "epoch": 0.1,
      "learning_rate": 1e-05,
      "loss": 1.0761,
      "step": 33
    },
    {
      "epoch": 0.11,
      "learning_rate": 1e-05,
      "loss": 1.0926,
      "step": 34
    },
    {
      "epoch": 0.11,
      "learning_rate": 1e-05,
      "loss": 1.0909,
      "step": 35
    },
    {
      "epoch": 0.11,
      "learning_rate": 1e-05,
      "loss": 1.019,
      "step": 36
    },
    {
      "epoch": 0.12,
      "learning_rate": 1e-05,
      "loss": 1.0693,
      "step": 37
    },
    {
      "epoch": 0.12,
      "learning_rate": 1e-05,
      "loss": 1.0456,
      "step": 38
    },
    {
      "epoch": 0.12,
      "learning_rate": 1e-05,
      "loss": 1.1046,
      "step": 39
    },
    {
      "epoch": 0.13,
      "learning_rate": 1e-05,
      "loss": 1.0851,
      "step": 40
    },
    {
      "epoch": 0.13,
      "learning_rate": 1e-05,
      "loss": 1.0953,
      "step": 41
    },
    {
      "epoch": 0.13,
      "learning_rate": 1e-05,
      "loss": 1.1086,
      "step": 42
    },
    {
      "epoch": 0.14,
      "learning_rate": 1e-05,
      "loss": 1.0972,
      "step": 43
    },
    {
      "epoch": 0.14,
      "learning_rate": 1e-05,
      "loss": 1.064,
      "step": 44
    },
    {
      "epoch": 0.14,
      "learning_rate": 1e-05,
      "loss": 1.0464,
      "step": 45
    },
    {
      "epoch": 0.14,
      "learning_rate": 1e-05,
      "loss": 1.0616,
      "step": 46
    },
    {
      "epoch": 0.15,
      "learning_rate": 1e-05,
      "loss": 1.0598,
      "step": 47
    },
    {
      "epoch": 0.15,
      "learning_rate": 1e-05,
      "loss": 1.0873,
      "step": 48
    },
    {
      "epoch": 0.15,
      "learning_rate": 1e-05,
      "loss": 1.0201,
      "step": 49
    },
    {
      "epoch": 0.16,
      "learning_rate": 1e-05,
      "loss": 1.0682,
      "step": 50
    },
    {
      "epoch": 0.16,
      "learning_rate": 1e-05,
      "loss": 1.0001,
      "step": 51
    },
    {
      "epoch": 0.16,
      "learning_rate": 1e-05,
      "loss": 1.1196,
      "step": 52
    },
    {
      "epoch": 0.17,
      "learning_rate": 1e-05,
      "loss": 1.0735,
      "step": 53
    },
    {
      "epoch": 0.17,
      "learning_rate": 1e-05,
      "loss": 1.0418,
      "step": 54
    },
    {
      "epoch": 0.17,
      "learning_rate": 1e-05,
      "loss": 1.0251,
      "step": 55
    },
    {
      "epoch": 0.18,
      "learning_rate": 1e-05,
      "loss": 1.0417,
      "step": 56
    },
    {
      "epoch": 0.18,
      "learning_rate": 1e-05,
      "loss": 1.0515,
      "step": 57
    },
    {
      "epoch": 0.18,
      "learning_rate": 1e-05,
      "loss": 1.0199,
      "step": 58
    },
    {
      "epoch": 0.19,
      "learning_rate": 1e-05,
      "loss": 1.1028,
      "step": 59
    },
    {
      "epoch": 0.19,
      "learning_rate": 1e-05,
      "loss": 1.0629,
      "step": 60
    },
    {
      "epoch": 0.19,
      "learning_rate": 1e-05,
      "loss": 1.0334,
      "step": 61
    },
    {
      "epoch": 0.2,
      "learning_rate": 1e-05,
      "loss": 1.0459,
      "step": 62
    },
    {
      "epoch": 0.2,
      "learning_rate": 1e-05,
      "loss": 1.0462,
      "step": 63
    },
    {
      "epoch": 0.2,
      "learning_rate": 1e-05,
      "loss": 1.03,
      "step": 64
    },
    {
      "epoch": 0.2,
      "learning_rate": 1e-05,
      "loss": 1.0468,
      "step": 65
    },
    {
      "epoch": 0.21,
      "learning_rate": 1e-05,
      "loss": 1.1432,
      "step": 66
    },
    {
      "epoch": 0.21,
      "learning_rate": 1e-05,
      "loss": 1.0274,
      "step": 67
    },
    {
      "epoch": 0.21,
      "learning_rate": 1e-05,
      "loss": 1.0783,
      "step": 68
    },
    {
      "epoch": 0.22,
      "learning_rate": 1e-05,
      "loss": 0.9589,
      "step": 69
    },
    {
      "epoch": 0.22,
      "learning_rate": 1e-05,
      "loss": 1.0097,
      "step": 70
    },
    {
      "epoch": 0.22,
      "learning_rate": 1e-05,
      "loss": 1.1209,
      "step": 71
    },
    {
      "epoch": 0.23,
      "learning_rate": 1e-05,
      "loss": 1.0499,
      "step": 72
    },
    {
      "epoch": 0.23,
      "learning_rate": 1e-05,
      "loss": 1.0058,
      "step": 73
    },
    {
      "epoch": 0.23,
      "learning_rate": 1e-05,
      "loss": 1.0074,
      "step": 74
    },
    {
      "epoch": 0.24,
      "learning_rate": 1e-05,
      "loss": 1.0126,
      "step": 75
    },
    {
      "epoch": 0.24,
      "learning_rate": 1e-05,
      "loss": 0.9725,
      "step": 76
    },
    {
      "epoch": 0.24,
      "learning_rate": 1e-05,
      "loss": 1.0715,
      "step": 77
    },
    {
      "epoch": 0.25,
      "learning_rate": 1e-05,
      "loss": 0.963,
      "step": 78
    },
    {
      "epoch": 0.25,
      "learning_rate": 1e-05,
      "loss": 1.0079,
      "step": 79
    },
    {
      "epoch": 0.25,
      "learning_rate": 1e-05,
      "loss": 0.9833,
      "step": 80
    },
    {
      "epoch": 0.25,
      "learning_rate": 1e-05,
      "loss": 1.0425,
      "step": 81
    },
    {
      "epoch": 0.26,
      "learning_rate": 1e-05,
      "loss": 1.0106,
      "step": 82
    },
    {
      "epoch": 0.26,
      "learning_rate": 1e-05,
      "loss": 0.9805,
      "step": 83
    },
    {
      "epoch": 0.26,
      "learning_rate": 1e-05,
      "loss": 1.1433,
      "step": 84
    },
    {
      "epoch": 0.27,
      "learning_rate": 1e-05,
      "loss": 1.0481,
      "step": 85
    },
    {
      "epoch": 0.27,
      "learning_rate": 1e-05,
      "loss": 0.9762,
      "step": 86
    },
    {
      "epoch": 0.27,
      "learning_rate": 1e-05,
      "loss": 1.0761,
      "step": 87
    },
    {
      "epoch": 0.28,
      "learning_rate": 1e-05,
      "loss": 0.9467,
      "step": 88
    },
    {
      "epoch": 0.28,
      "learning_rate": 1e-05,
      "loss": 0.9468,
      "step": 89
    },
    {
      "epoch": 0.28,
      "learning_rate": 1e-05,
      "loss": 1.0623,
      "step": 90
    },
    {
      "epoch": 0.29,
      "learning_rate": 1e-05,
      "loss": 1.0073,
      "step": 91
    },
    {
      "epoch": 0.29,
      "learning_rate": 1e-05,
      "loss": 0.9584,
      "step": 92
    },
    {
      "epoch": 0.29,
      "learning_rate": 1e-05,
      "loss": 1.0135,
      "step": 93
    },
    {
      "epoch": 0.3,
      "learning_rate": 1e-05,
      "loss": 1.0093,
      "step": 94
    },
    {
      "epoch": 0.3,
      "learning_rate": 1e-05,
      "loss": 1.041,
      "step": 95
    },
    {
      "epoch": 0.3,
      "learning_rate": 1e-05,
      "loss": 0.9621,
      "step": 96
    },
    {
      "epoch": 0.31,
      "learning_rate": 1e-05,
      "loss": 1.0504,
      "step": 97
    },
    {
      "epoch": 0.31,
      "learning_rate": 1e-05,
      "loss": 0.9689,
      "step": 98
    },
    {
      "epoch": 0.31,
      "learning_rate": 1e-05,
      "loss": 0.995,
      "step": 99
    },
    {
      "epoch": 0.31,
      "learning_rate": 1e-05,
      "loss": 0.974,
      "step": 100
    },
    {
      "epoch": 0.32,
      "learning_rate": 1e-05,
      "loss": 0.9897,
      "step": 101
    },
    {
      "epoch": 0.32,
      "learning_rate": 1e-05,
      "loss": 1.0394,
      "step": 102
    },
    {
      "epoch": 0.32,
      "learning_rate": 1e-05,
      "loss": 1.0381,
      "step": 103
    },
    {
      "epoch": 0.33,
      "learning_rate": 1e-05,
      "loss": 0.9083,
      "step": 104
    },
    {
      "epoch": 0.33,
      "learning_rate": 1e-05,
      "loss": 1.0608,
      "step": 105
    },
    {
      "epoch": 0.33,
      "learning_rate": 1e-05,
      "loss": 1.0385,
      "step": 106
    },
    {
      "epoch": 0.34,
      "learning_rate": 1e-05,
      "loss": 0.9554,
      "step": 107
    },
    {
      "epoch": 0.34,
      "learning_rate": 1e-05,
      "loss": 0.9822,
      "step": 108
    },
    {
      "epoch": 0.34,
      "learning_rate": 1e-05,
      "loss": 1.0777,
      "step": 109
    },
    {
      "epoch": 0.35,
      "learning_rate": 1e-05,
      "loss": 1.0268,
      "step": 110
    },
    {
      "epoch": 0.35,
      "learning_rate": 1e-05,
      "loss": 1.0433,
      "step": 111
    },
    {
      "epoch": 0.35,
      "learning_rate": 1e-05,
      "loss": 0.9694,
      "step": 112
    },
    {
      "epoch": 0.36,
      "learning_rate": 1e-05,
      "loss": 1.0385,
      "step": 113
    },
    {
      "epoch": 0.36,
      "learning_rate": 1e-05,
      "loss": 1.0581,
      "step": 114
    },
    {
      "epoch": 0.36,
      "learning_rate": 1e-05,
      "loss": 1.0919,
      "step": 115
    },
    {
      "epoch": 0.36,
      "learning_rate": 1e-05,
      "loss": 0.9911,
      "step": 116
    },
    {
      "epoch": 0.37,
      "learning_rate": 1e-05,
      "loss": 0.9084,
      "step": 117
    },
    {
      "epoch": 0.37,
      "learning_rate": 1e-05,
      "loss": 0.996,
      "step": 118
    },
    {
      "epoch": 0.37,
      "learning_rate": 1e-05,
      "loss": 0.9842,
      "step": 119
    },
    {
      "epoch": 0.38,
      "learning_rate": 1e-05,
      "loss": 0.9736,
      "step": 120
    },
    {
      "epoch": 0.38,
      "learning_rate": 1e-05,
      "loss": 0.984,
      "step": 121
    },
    {
      "epoch": 0.38,
      "learning_rate": 1e-05,
      "loss": 0.9176,
      "step": 122
    },
    {
      "epoch": 0.39,
      "learning_rate": 1e-05,
      "loss": 0.9567,
      "step": 123
    },
    {
      "epoch": 0.39,
      "learning_rate": 1e-05,
      "loss": 1.0155,
      "step": 124
    },
    {
      "epoch": 0.39,
      "learning_rate": 1e-05,
      "loss": 0.9847,
      "step": 125
    },
    {
      "epoch": 0.4,
      "learning_rate": 1e-05,
      "loss": 1.0008,
      "step": 126
    },
    {
      "epoch": 0.4,
      "learning_rate": 1e-05,
      "loss": 0.946,
      "step": 127
    },
    {
      "epoch": 0.4,
      "learning_rate": 1e-05,
      "loss": 1.0098,
      "step": 128
    },
    {
      "epoch": 0.41,
      "learning_rate": 1e-05,
      "loss": 1.052,
      "step": 129
    },
    {
      "epoch": 0.41,
      "learning_rate": 1e-05,
      "loss": 1.0345,
      "step": 130
    },
    {
      "epoch": 0.41,
      "learning_rate": 1e-05,
      "loss": 1.0066,
      "step": 131
    },
    {
      "epoch": 0.42,
      "learning_rate": 1e-05,
      "loss": 0.9703,
      "step": 132
    },
    {
      "epoch": 0.42,
      "learning_rate": 1e-05,
      "loss": 1.0038,
      "step": 133
    },
    {
      "epoch": 0.42,
      "learning_rate": 1e-05,
      "loss": 0.9943,
      "step": 134
    },
    {
      "epoch": 0.42,
      "learning_rate": 1e-05,
      "loss": 0.9882,
      "step": 135
    },
    {
      "epoch": 0.43,
      "learning_rate": 1e-05,
      "loss": 0.9999,
      "step": 136
    },
    {
      "epoch": 0.43,
      "learning_rate": 1e-05,
      "loss": 1.007,
      "step": 137
    },
    {
      "epoch": 0.43,
      "learning_rate": 1e-05,
      "loss": 1.0469,
      "step": 138
    },
    {
      "epoch": 0.44,
      "learning_rate": 1e-05,
      "loss": 1.0348,
      "step": 139
    },
    {
      "epoch": 0.44,
      "learning_rate": 1e-05,
      "loss": 1.0081,
      "step": 140
    },
    {
      "epoch": 0.44,
      "learning_rate": 1e-05,
      "loss": 0.9704,
      "step": 141
    },
    {
      "epoch": 0.45,
      "learning_rate": 1e-05,
      "loss": 0.9936,
      "step": 142
    },
    {
      "epoch": 0.45,
      "learning_rate": 1e-05,
      "loss": 0.9572,
      "step": 143
    },
    {
      "epoch": 0.45,
      "learning_rate": 1e-05,
      "loss": 1.0269,
      "step": 144
    },
    {
      "epoch": 0.46,
      "learning_rate": 1e-05,
      "loss": 0.956,
      "step": 145
    },
    {
      "epoch": 0.46,
      "learning_rate": 1e-05,
      "loss": 0.9714,
      "step": 146
    },
    {
      "epoch": 0.46,
      "learning_rate": 1e-05,
      "loss": 0.9748,
      "step": 147
    },
    {
      "epoch": 0.47,
      "learning_rate": 1e-05,
      "loss": 0.9729,
      "step": 148
    },
    {
      "epoch": 0.47,
      "learning_rate": 1e-05,
      "loss": 0.9875,
      "step": 149
    },
    {
      "epoch": 0.47,
      "learning_rate": 1e-05,
      "loss": 0.9733,
      "step": 150
    },
    {
      "epoch": 0.48,
      "learning_rate": 1e-05,
      "loss": 1.0025,
      "step": 151
    },
    {
      "epoch": 0.48,
      "learning_rate": 1e-05,
      "loss": 1.0541,
      "step": 152
    },
    {
      "epoch": 0.48,
      "learning_rate": 1e-05,
      "loss": 0.9649,
      "step": 153
    },
    {
      "epoch": 0.48,
      "learning_rate": 1e-05,
      "loss": 0.9252,
      "step": 154
    },
    {
      "epoch": 0.49,
      "learning_rate": 1e-05,
      "loss": 0.9023,
      "step": 155
    },
    {
      "epoch": 0.49,
      "learning_rate": 1e-05,
      "loss": 0.9398,
      "step": 156
    },
    {
      "epoch": 0.49,
      "learning_rate": 1e-05,
      "loss": 0.9815,
      "step": 157
    },
    {
      "epoch": 0.5,
      "learning_rate": 1e-05,
      "loss": 0.9854,
      "step": 158
    },
    {
      "epoch": 0.5,
      "learning_rate": 1e-05,
      "loss": 0.9994,
      "step": 159
    },
    {
      "epoch": 0.5,
      "learning_rate": 1e-05,
      "loss": 0.9865,
      "step": 160
    },
    {
      "epoch": 0.51,
      "learning_rate": 1e-05,
      "loss": 0.9776,
      "step": 161
    },
    {
      "epoch": 0.51,
      "learning_rate": 1e-05,
      "loss": 0.9024,
      "step": 162
    },
    {
      "epoch": 0.51,
      "learning_rate": 1e-05,
      "loss": 0.953,
      "step": 163
    },
    {
      "epoch": 0.52,
      "learning_rate": 1e-05,
      "loss": 0.9529,
      "step": 164
    },
    {
      "epoch": 0.52,
      "learning_rate": 1e-05,
      "loss": 0.9436,
      "step": 165
    },
    {
      "epoch": 0.52,
      "learning_rate": 1e-05,
      "loss": 0.9944,
      "step": 166
    },
    {
      "epoch": 0.53,
      "learning_rate": 1e-05,
      "loss": 1.0392,
      "step": 167
    },
    {
      "epoch": 0.53,
      "learning_rate": 1e-05,
      "loss": 0.9392,
      "step": 168
    },
    {
      "epoch": 0.53,
      "learning_rate": 1e-05,
      "loss": 0.9463,
      "step": 169
    },
    {
      "epoch": 0.53,
      "learning_rate": 1e-05,
      "loss": 1.0148,
      "step": 170
    },
    {
      "epoch": 0.54,
      "learning_rate": 1e-05,
      "loss": 0.9873,
      "step": 171
    },
    {
      "epoch": 0.54,
      "learning_rate": 1e-05,
      "loss": 0.9928,
      "step": 172
    },
    {
      "epoch": 0.54,
      "learning_rate": 1e-05,
      "loss": 0.9195,
      "step": 173
    },
    {
      "epoch": 0.55,
      "learning_rate": 1e-05,
      "loss": 0.9235,
      "step": 174
    },
    {
      "epoch": 0.55,
      "learning_rate": 1e-05,
      "loss": 1.0553,
      "step": 175
    },
    {
      "epoch": 0.55,
      "learning_rate": 1e-05,
      "loss": 0.9698,
      "step": 176
    },
    {
      "epoch": 0.56,
      "learning_rate": 1e-05,
      "loss": 0.9659,
      "step": 177
    },
    {
      "epoch": 0.56,
      "learning_rate": 1e-05,
      "loss": 0.9353,
      "step": 178
    },
    {
      "epoch": 0.56,
      "learning_rate": 1e-05,
      "loss": 0.996,
      "step": 179
    },
    {
      "epoch": 0.57,
      "learning_rate": 1e-05,
      "loss": 1.0001,
      "step": 180
    },
    {
      "epoch": 0.57,
      "learning_rate": 1e-05,
      "loss": 0.9196,
      "step": 181
    },
    {
      "epoch": 0.57,
      "learning_rate": 1e-05,
      "loss": 1.0778,
      "step": 182
    },
    {
      "epoch": 0.58,
      "learning_rate": 1e-05,
      "loss": 0.936,
      "step": 183
    },
    {
      "epoch": 0.58,
      "learning_rate": 1e-05,
      "loss": 0.9882,
      "step": 184
    },
    {
      "epoch": 0.58,
      "learning_rate": 1e-05,
      "loss": 0.9164,
      "step": 185
    },
    {
      "epoch": 0.59,
      "learning_rate": 1e-05,
      "loss": 0.9755,
      "step": 186
    },
    {
      "epoch": 0.59,
      "learning_rate": 1e-05,
      "loss": 0.9701,
      "step": 187
    },
    {
      "epoch": 0.59,
      "learning_rate": 1e-05,
      "loss": 0.9189,
      "step": 188
    },
    {
      "epoch": 0.59,
      "learning_rate": 1e-05,
      "loss": 1.0193,
      "step": 189
    },
    {
      "epoch": 0.6,
      "learning_rate": 1e-05,
      "loss": 0.9677,
      "step": 190
    },
    {
      "epoch": 0.6,
      "learning_rate": 1e-05,
      "loss": 0.9602,
      "step": 191
    },
    {
      "epoch": 0.6,
      "learning_rate": 1e-05,
      "loss": 0.9344,
      "step": 192
    },
    {
      "epoch": 0.61,
      "learning_rate": 1e-05,
      "loss": 0.9856,
      "step": 193
    },
    {
      "epoch": 0.61,
      "learning_rate": 1e-05,
      "loss": 0.9485,
      "step": 194
    },
    {
      "epoch": 0.61,
      "learning_rate": 1e-05,
      "loss": 0.9453,
      "step": 195
    },
    {
      "epoch": 0.62,
      "learning_rate": 1e-05,
      "loss": 0.9401,
      "step": 196
    },
    {
      "epoch": 0.62,
      "learning_rate": 1e-05,
      "loss": 0.9464,
      "step": 197
    },
    {
      "epoch": 0.62,
      "learning_rate": 1e-05,
      "loss": 0.967,
      "step": 198
    },
    {
      "epoch": 0.63,
      "learning_rate": 1e-05,
      "loss": 0.9569,
      "step": 199
    },
    {
      "epoch": 0.63,
      "learning_rate": 1e-05,
      "loss": 0.9096,
      "step": 200
    },
    {
      "epoch": 0.63,
      "learning_rate": 1e-05,
      "loss": 0.8309,
      "step": 201
    },
    {
      "epoch": 0.64,
      "learning_rate": 1e-05,
      "loss": 0.9805,
      "step": 202
    },
    {
      "epoch": 0.64,
      "learning_rate": 1e-05,
      "loss": 0.9323,
      "step": 203
    },
    {
      "epoch": 0.64,
      "learning_rate": 1e-05,
      "loss": 0.9611,
      "step": 204
    },
    {
      "epoch": 0.64,
      "learning_rate": 1e-05,
      "loss": 0.9972,
      "step": 205
    },
    {
      "epoch": 0.65,
      "learning_rate": 1e-05,
      "loss": 0.9899,
      "step": 206
    },
    {
      "epoch": 0.65,
      "learning_rate": 1e-05,
      "loss": 0.8737,
      "step": 207
    },
    {
      "epoch": 0.65,
      "learning_rate": 1e-05,
      "loss": 0.9712,
      "step": 208
    },
    {
      "epoch": 0.66,
      "learning_rate": 1e-05,
      "loss": 1.0077,
      "step": 209
    },
    {
      "epoch": 0.66,
      "learning_rate": 1e-05,
      "loss": 1.0121,
      "step": 210
    },
    {
      "epoch": 0.66,
      "learning_rate": 1e-05,
      "loss": 0.9544,
      "step": 211
    },
    {
      "epoch": 0.67,
      "learning_rate": 1e-05,
      "loss": 0.9419,
      "step": 212
    },
    {
      "epoch": 0.67,
      "learning_rate": 1e-05,
      "loss": 0.9603,
      "step": 213
    },
    {
      "epoch": 0.67,
      "learning_rate": 1e-05,
      "loss": 0.9204,
      "step": 214
    },
    {
      "epoch": 0.68,
      "learning_rate": 1e-05,
      "loss": 0.9283,
      "step": 215
    },
    {
      "epoch": 0.68,
      "learning_rate": 1e-05,
      "loss": 0.9501,
      "step": 216
    },
    {
      "epoch": 0.68,
      "learning_rate": 1e-05,
      "loss": 0.8992,
      "step": 217
    },
    {
      "epoch": 0.69,
      "learning_rate": 1e-05,
      "loss": 0.9301,
      "step": 218
    },
    {
      "epoch": 0.69,
      "learning_rate": 1e-05,
      "loss": 0.8835,
      "step": 219
    },
    {
      "epoch": 0.69,
      "learning_rate": 1e-05,
      "loss": 0.967,
      "step": 220
    },
    {
      "epoch": 0.7,
      "learning_rate": 1e-05,
      "loss": 0.9321,
      "step": 221
    },
    {
      "epoch": 0.7,
      "learning_rate": 1e-05,
      "loss": 1.0192,
      "step": 222
    },
    {
      "epoch": 0.7,
      "learning_rate": 1e-05,
      "loss": 0.985,
      "step": 223
    },
    {
      "epoch": 0.7,
      "learning_rate": 1e-05,
      "loss": 1.0522,
      "step": 224
    },
    {
      "epoch": 0.71,
      "learning_rate": 1e-05,
      "loss": 0.906,
      "step": 225
    },
    {
      "epoch": 0.71,
      "learning_rate": 1e-05,
      "loss": 0.9953,
      "step": 226
    },
    {
      "epoch": 0.71,
      "learning_rate": 1e-05,
      "loss": 0.9486,
      "step": 227
    },
    {
      "epoch": 0.72,
      "learning_rate": 1e-05,
      "loss": 0.9516,
      "step": 228
    },
    {
      "epoch": 0.72,
      "learning_rate": 1e-05,
      "loss": 0.9508,
      "step": 229
    },
    {
      "epoch": 0.72,
      "learning_rate": 1e-05,
      "loss": 0.9571,
      "step": 230
    },
    {
      "epoch": 0.73,
      "learning_rate": 1e-05,
      "loss": 0.9639,
      "step": 231
    },
    {
      "epoch": 0.73,
      "learning_rate": 1e-05,
      "loss": 0.9298,
      "step": 232
    },
    {
      "epoch": 0.73,
      "learning_rate": 1e-05,
      "loss": 0.9253,
      "step": 233
    },
    {
      "epoch": 0.74,
      "learning_rate": 1e-05,
      "loss": 0.9481,
      "step": 234
    },
    {
      "epoch": 0.74,
      "learning_rate": 1e-05,
      "loss": 0.9648,
      "step": 235
    },
    {
      "epoch": 0.74,
      "learning_rate": 1e-05,
      "loss": 0.9248,
      "step": 236
    },
    {
      "epoch": 0.75,
      "learning_rate": 1e-05,
      "loss": 0.9611,
      "step": 237
    },
    {
      "epoch": 0.75,
      "learning_rate": 1e-05,
      "loss": 0.9184,
      "step": 238
    },
    {
      "epoch": 0.75,
      "learning_rate": 1e-05,
      "loss": 1.0157,
      "step": 239
    },
    {
      "epoch": 0.76,
      "learning_rate": 1e-05,
      "loss": 0.9392,
      "step": 240
    },
    {
      "epoch": 0.76,
      "learning_rate": 1e-05,
      "loss": 0.9565,
      "step": 241
    },
    {
      "epoch": 0.76,
      "learning_rate": 1e-05,
      "loss": 0.9616,
      "step": 242
    },
    {
      "epoch": 0.76,
      "learning_rate": 1e-05,
      "loss": 0.9435,
      "step": 243
    },
    {
      "epoch": 0.77,
      "learning_rate": 1e-05,
      "loss": 0.9877,
      "step": 244
    },
    {
      "epoch": 0.77,
      "learning_rate": 1e-05,
      "loss": 1.0365,
      "step": 245
    },
    {
      "epoch": 0.77,
      "learning_rate": 1e-05,
      "loss": 0.9055,
      "step": 246
    },
    {
      "epoch": 0.78,
      "learning_rate": 1e-05,
      "loss": 0.9586,
      "step": 247
    },
    {
      "epoch": 0.78,
      "learning_rate": 1e-05,
      "loss": 0.9593,
      "step": 248
    },
    {
      "epoch": 0.78,
      "learning_rate": 1e-05,
      "loss": 0.9586,
      "step": 249
    },
    {
      "epoch": 0.79,
      "learning_rate": 1e-05,
      "loss": 0.9817,
      "step": 250
    },
    {
      "epoch": 0.79,
      "learning_rate": 1e-05,
      "loss": 0.9551,
      "step": 251
    },
    {
      "epoch": 0.79,
      "learning_rate": 1e-05,
      "loss": 1.0092,
      "step": 252
    },
    {
      "epoch": 0.8,
      "learning_rate": 1e-05,
      "loss": 0.9781,
      "step": 253
    },
    {
      "epoch": 0.8,
      "learning_rate": 1e-05,
      "loss": 0.9185,
      "step": 254
    },
    {
      "epoch": 0.8,
      "learning_rate": 1e-05,
      "loss": 1.0497,
      "step": 255
    },
    {
      "epoch": 0.81,
      "learning_rate": 1e-05,
      "loss": 0.9689,
      "step": 256
    },
    {
      "epoch": 0.81,
      "learning_rate": 1e-05,
      "loss": 0.9385,
      "step": 257
    },
    {
      "epoch": 0.81,
      "learning_rate": 1e-05,
      "loss": 0.9586,
      "step": 258
    },
    {
      "epoch": 0.81,
      "learning_rate": 1e-05,
      "loss": 0.9196,
      "step": 259
    },
    {
      "epoch": 0.82,
      "learning_rate": 1e-05,
      "loss": 0.9865,
      "step": 260
    },
    {
      "epoch": 0.82,
      "learning_rate": 1e-05,
      "loss": 0.9205,
      "step": 261
    },
    {
      "epoch": 0.82,
      "learning_rate": 1e-05,
      "loss": 1.0519,
      "step": 262
    },
    {
      "epoch": 0.83,
      "learning_rate": 1e-05,
      "loss": 0.9799,
      "step": 263
    },
    {
      "epoch": 0.83,
      "learning_rate": 1e-05,
      "loss": 0.8769,
      "step": 264
    },
    {
      "epoch": 0.83,
      "learning_rate": 1e-05,
      "loss": 0.8963,
      "step": 265
    },
    {
      "epoch": 0.84,
      "learning_rate": 1e-05,
      "loss": 0.9318,
      "step": 266
    },
    {
      "epoch": 0.84,
      "learning_rate": 1e-05,
      "loss": 0.9765,
      "step": 267
    },
    {
      "epoch": 0.84,
      "learning_rate": 1e-05,
      "loss": 0.9517,
      "step": 268
    },
    {
      "epoch": 0.85,
      "learning_rate": 1e-05,
      "loss": 1.026,
      "step": 269
    },
    {
      "epoch": 0.85,
      "learning_rate": 1e-05,
      "loss": 0.9536,
      "step": 270
    },
    {
      "epoch": 0.85,
      "learning_rate": 1e-05,
      "loss": 0.9169,
      "step": 271
    },
    {
      "epoch": 0.86,
      "learning_rate": 1e-05,
      "loss": 0.9575,
      "step": 272
    },
    {
      "epoch": 0.86,
      "learning_rate": 1e-05,
      "loss": 1.0168,
      "step": 273
    },
    {
      "epoch": 0.86,
      "learning_rate": 1e-05,
      "loss": 0.9627,
      "step": 274
    },
    {
      "epoch": 0.87,
      "learning_rate": 1e-05,
      "loss": 0.8753,
      "step": 275
    },
    {
      "epoch": 0.87,
      "learning_rate": 1e-05,
      "loss": 0.9575,
      "step": 276
    },
    {
      "epoch": 0.87,
      "learning_rate": 1e-05,
      "loss": 0.9528,
      "step": 277
    },
    {
      "epoch": 0.87,
      "learning_rate": 1e-05,
      "loss": 0.9544,
      "step": 278
    },
    {
      "epoch": 0.88,
      "learning_rate": 1e-05,
      "loss": 0.9338,
      "step": 279
    },
    {
      "epoch": 0.88,
      "learning_rate": 1e-05,
      "loss": 0.8999,
      "step": 280
    },
    {
      "epoch": 0.88,
      "learning_rate": 1e-05,
      "loss": 0.866,
      "step": 281
    },
    {
      "epoch": 0.89,
      "learning_rate": 1e-05,
      "loss": 1.0184,
      "step": 282
    },
    {
      "epoch": 0.89,
      "learning_rate": 1e-05,
      "loss": 0.9793,
      "step": 283
    },
    {
      "epoch": 0.89,
      "learning_rate": 1e-05,
      "loss": 0.9286,
      "step": 284
    },
    {
      "epoch": 0.9,
      "learning_rate": 1e-05,
      "loss": 0.9194,
      "step": 285
    },
    {
      "epoch": 0.9,
      "learning_rate": 1e-05,
      "loss": 0.9811,
      "step": 286
    },
    {
      "epoch": 0.9,
      "learning_rate": 1e-05,
      "loss": 0.9712,
      "step": 287
    },
    {
      "epoch": 0.91,
      "learning_rate": 1e-05,
      "loss": 0.9399,
      "step": 288
    },
    {
      "epoch": 0.91,
      "learning_rate": 1e-05,
      "loss": 0.9412,
      "step": 289
    },
    {
      "epoch": 0.91,
      "learning_rate": 1e-05,
      "loss": 0.9575,
      "step": 290
    },
    {
      "epoch": 0.92,
      "learning_rate": 1e-05,
      "loss": 0.9391,
      "step": 291
    },
    {
      "epoch": 0.92,
      "learning_rate": 1e-05,
      "loss": 0.9971,
      "step": 292
    },
    {
      "epoch": 0.92,
      "learning_rate": 1e-05,
      "loss": 0.9139,
      "step": 293
    },
    {
      "epoch": 0.92,
      "learning_rate": 1e-05,
      "loss": 0.9474,
      "step": 294
    },
    {
      "epoch": 0.93,
      "learning_rate": 1e-05,
      "loss": 0.8989,
      "step": 295
    },
    {
      "epoch": 0.93,
      "learning_rate": 1e-05,
      "loss": 0.9398,
      "step": 296
    },
    {
      "epoch": 0.93,
      "learning_rate": 1e-05,
      "loss": 0.9839,
      "step": 297
    },
    {
      "epoch": 0.94,
      "learning_rate": 1e-05,
      "loss": 0.8421,
      "step": 298
    },
    {
      "epoch": 0.94,
      "learning_rate": 1e-05,
      "loss": 0.9445,
      "step": 299
    },
    {
      "epoch": 0.94,
      "learning_rate": 1e-05,
      "loss": 0.9663,
      "step": 300
    },
    {
      "epoch": 0.95,
      "learning_rate": 1e-05,
      "loss": 0.9055,
      "step": 301
    },
    {
      "epoch": 0.95,
      "learning_rate": 1e-05,
      "loss": 1.0223,
      "step": 302
    },
    {
      "epoch": 0.95,
      "learning_rate": 1e-05,
      "loss": 0.9805,
      "step": 303
    },
    {
      "epoch": 0.96,
      "learning_rate": 1e-05,
      "loss": 0.9378,
      "step": 304
    },
    {
      "epoch": 0.96,
      "learning_rate": 1e-05,
      "loss": 0.989,
      "step": 305
    },
    {
      "epoch": 0.96,
      "learning_rate": 1e-05,
      "loss": 0.9533,
      "step": 306
    },
    {
      "epoch": 0.97,
      "learning_rate": 1e-05,
      "loss": 0.9922,
      "step": 307
    },
    {
      "epoch": 0.97,
      "learning_rate": 1e-05,
      "loss": 0.9321,
      "step": 308
    },
    {
      "epoch": 0.97,
      "learning_rate": 1e-05,
      "loss": 0.9786,
      "step": 309
    },
    {
      "epoch": 0.98,
      "learning_rate": 1e-05,
      "loss": 0.9275,
      "step": 310
    },
    {
      "epoch": 0.98,
      "learning_rate": 1e-05,
      "loss": 1.0313,
      "step": 311
    },
    {
      "epoch": 0.98,
      "learning_rate": 1e-05,
      "loss": 0.8717,
      "step": 312
    },
    {
      "epoch": 0.98,
      "learning_rate": 1e-05,
      "loss": 0.9493,
      "step": 313
    },
    {
      "epoch": 0.99,
      "learning_rate": 1e-05,
      "loss": 0.9089,
      "step": 314
    },
    {
      "epoch": 0.99,
      "learning_rate": 1e-05,
      "loss": 0.8846,
      "step": 315
    },
    {
      "epoch": 0.99,
      "learning_rate": 1e-05,
      "loss": 0.9266,
      "step": 316
    },
    {
      "epoch": 1.0,
      "learning_rate": 1e-05,
      "loss": 0.8946,
      "step": 317
    },
    {
      "epoch": 1.0,
      "learning_rate": 1e-05,
      "loss": 0.8842,
      "step": 318
    },
    {
      "epoch": 1.0,
      "learning_rate": 1e-05,
      "loss": 0.8444,
      "step": 319
    },
    {
      "epoch": 1.01,
      "learning_rate": 1e-05,
      "loss": 0.8627,
      "step": 320
    },
    {
      "epoch": 1.01,
      "learning_rate": 1e-05,
      "loss": 0.8135,
      "step": 321
    },
    {
      "epoch": 1.01,
      "learning_rate": 1e-05,
      "loss": 0.8421,
      "step": 322
    },
    {
      "epoch": 1.02,
      "learning_rate": 1e-05,
      "loss": 0.7729,
      "step": 323
    },
    {
      "epoch": 1.02,
      "learning_rate": 1e-05,
      "loss": 0.7907,
      "step": 324
    },
    {
      "epoch": 1.02,
      "learning_rate": 1e-05,
      "loss": 0.7703,
      "step": 325
    },
    {
      "epoch": 1.03,
      "learning_rate": 1e-05,
      "loss": 0.7753,
      "step": 326
    },
    {
      "epoch": 1.03,
      "learning_rate": 1e-05,
      "loss": 0.7913,
      "step": 327
    },
    {
      "epoch": 1.03,
      "learning_rate": 1e-05,
      "loss": 0.8079,
      "step": 328
    },
    {
      "epoch": 1.03,
      "learning_rate": 1e-05,
      "loss": 0.7556,
      "step": 329
    },
    {
      "epoch": 1.04,
      "learning_rate": 1e-05,
      "loss": 0.8315,
      "step": 330
    },
    {
      "epoch": 1.04,
      "learning_rate": 1e-05,
      "loss": 0.8727,
      "step": 331
    },
    {
      "epoch": 1.04,
      "learning_rate": 1e-05,
      "loss": 0.7994,
      "step": 332
    },
    {
      "epoch": 1.05,
      "learning_rate": 1e-05,
      "loss": 0.7165,
      "step": 333
    },
    {
      "epoch": 1.05,
      "learning_rate": 1e-05,
      "loss": 0.6969,
      "step": 334
    },
    {
      "epoch": 1.05,
      "learning_rate": 1e-05,
      "loss": 0.8077,
      "step": 335
    },
    {
      "epoch": 1.06,
      "learning_rate": 1e-05,
      "loss": 0.855,
      "step": 336
    },
    {
      "epoch": 1.06,
      "learning_rate": 1e-05,
      "loss": 0.7253,
      "step": 337
    },
    {
      "epoch": 1.06,
      "learning_rate": 1e-05,
      "loss": 0.8491,
      "step": 338
    },
    {
      "epoch": 1.07,
      "learning_rate": 1e-05,
      "loss": 0.748,
      "step": 339
    },
    {
      "epoch": 1.07,
      "learning_rate": 1e-05,
      "loss": 0.8262,
      "step": 340
    },
    {
      "epoch": 1.07,
      "learning_rate": 1e-05,
      "loss": 0.8125,
      "step": 341
    },
    {
      "epoch": 1.08,
      "learning_rate": 1e-05,
      "loss": 0.8548,
      "step": 342
    },
    {
      "epoch": 1.08,
      "learning_rate": 1e-05,
      "loss": 0.8307,
      "step": 343
    },
    {
      "epoch": 1.08,
      "learning_rate": 1e-05,
      "loss": 0.7568,
      "step": 344
    },
    {
      "epoch": 1.09,
      "learning_rate": 1e-05,
      "loss": 0.8612,
      "step": 345
    },
    {
      "epoch": 1.09,
      "learning_rate": 1e-05,
      "loss": 0.8435,
      "step": 346
    },
    {
      "epoch": 1.09,
      "learning_rate": 1e-05,
      "loss": 0.8136,
      "step": 347
    },
    {
      "epoch": 1.09,
      "learning_rate": 1e-05,
      "loss": 0.8297,
      "step": 348
    },
    {
      "epoch": 1.1,
      "learning_rate": 1e-05,
      "loss": 0.8206,
      "step": 349
    },
    {
      "epoch": 1.1,
      "learning_rate": 1e-05,
      "loss": 0.7734,
      "step": 350
    },
    {
      "epoch": 1.1,
      "learning_rate": 1e-05,
      "loss": 0.7829,
      "step": 351
    },
    {
      "epoch": 1.11,
      "learning_rate": 1e-05,
      "loss": 0.8086,
      "step": 352
    },
    {
      "epoch": 1.11,
      "learning_rate": 1e-05,
      "loss": 0.8225,
      "step": 353
    },
    {
      "epoch": 1.11,
      "learning_rate": 1e-05,
      "loss": 0.7654,
      "step": 354
    },
    {
      "epoch": 1.12,
      "learning_rate": 1e-05,
      "loss": 0.863,
      "step": 355
    },
    {
      "epoch": 1.12,
      "learning_rate": 1e-05,
      "loss": 0.762,
      "step": 356
    },
    {
      "epoch": 1.12,
      "learning_rate": 1e-05,
      "loss": 0.7549,
      "step": 357
    },
    {
      "epoch": 1.13,
      "learning_rate": 1e-05,
      "loss": 0.8186,
      "step": 358
    },
    {
      "epoch": 1.13,
      "learning_rate": 1e-05,
      "loss": 0.8199,
      "step": 359
    },
    {
      "epoch": 1.13,
      "learning_rate": 1e-05,
      "loss": 0.7578,
      "step": 360
    },
    {
      "epoch": 1.14,
      "learning_rate": 1e-05,
      "loss": 0.8747,
      "step": 361
    },
    {
      "epoch": 1.14,
      "learning_rate": 1e-05,
      "loss": 0.7475,
      "step": 362
    },
    {
      "epoch": 1.14,
      "learning_rate": 1e-05,
      "loss": 0.7798,
      "step": 363
    },
    {
      "epoch": 1.15,
      "learning_rate": 1e-05,
      "loss": 0.7846,
      "step": 364
    },
    {
      "epoch": 1.15,
      "learning_rate": 1e-05,
      "loss": 0.8182,
      "step": 365
    },
    {
      "epoch": 1.15,
      "learning_rate": 1e-05,
      "loss": 0.8148,
      "step": 366
    },
    {
      "epoch": 1.15,
      "learning_rate": 1e-05,
      "loss": 0.7595,
      "step": 367
    },
    {
      "epoch": 1.16,
      "learning_rate": 1e-05,
      "loss": 0.8078,
      "step": 368
    },
    {
      "epoch": 1.16,
      "learning_rate": 1e-05,
      "loss": 0.8505,
      "step": 369
    },
    {
      "epoch": 1.16,
      "learning_rate": 1e-05,
      "loss": 0.8352,
      "step": 370
    },
    {
      "epoch": 1.17,
      "learning_rate": 1e-05,
      "loss": 0.7769,
      "step": 371
    },
    {
      "epoch": 1.17,
      "learning_rate": 1e-05,
      "loss": 0.8059,
      "step": 372
    },
    {
      "epoch": 1.17,
      "learning_rate": 1e-05,
      "loss": 0.8864,
      "step": 373
    },
    {
      "epoch": 1.18,
      "learning_rate": 1e-05,
      "loss": 0.7741,
      "step": 374
    },
    {
      "epoch": 1.18,
      "learning_rate": 1e-05,
      "loss": 0.7379,
      "step": 375
    },
    {
      "epoch": 1.18,
      "learning_rate": 1e-05,
      "loss": 0.8016,
      "step": 376
    },
    {
      "epoch": 1.19,
      "learning_rate": 1e-05,
      "loss": 0.7753,
      "step": 377
    },
    {
      "epoch": 1.19,
      "learning_rate": 1e-05,
      "loss": 0.7847,
      "step": 378
    },
    {
      "epoch": 1.19,
      "learning_rate": 1e-05,
      "loss": 0.7722,
      "step": 379
    },
    {
      "epoch": 1.2,
      "learning_rate": 1e-05,
      "loss": 0.8027,
      "step": 380
    },
    {
      "epoch": 1.2,
      "learning_rate": 1e-05,
      "loss": 0.7915,
      "step": 381
    },
    {
      "epoch": 1.2,
      "learning_rate": 1e-05,
      "loss": 0.8025,
      "step": 382
    },
    {
      "epoch": 1.2,
      "learning_rate": 1e-05,
      "loss": 0.7923,
      "step": 383
    },
    {
      "epoch": 1.21,
      "learning_rate": 1e-05,
      "loss": 0.8496,
      "step": 384
    },
    {
      "epoch": 1.21,
      "learning_rate": 1e-05,
      "loss": 0.8687,
      "step": 385
    },
    {
      "epoch": 1.21,
      "learning_rate": 1e-05,
      "loss": 0.7593,
      "step": 386
    },
    {
      "epoch": 1.22,
      "learning_rate": 1e-05,
      "loss": 0.7856,
      "step": 387
    },
    {
      "epoch": 1.22,
      "learning_rate": 1e-05,
      "loss": 0.8026,
      "step": 388
    },
    {
      "epoch": 1.22,
      "learning_rate": 1e-05,
      "loss": 0.7649,
      "step": 389
    },
    {
      "epoch": 1.23,
      "learning_rate": 1e-05,
      "loss": 0.8047,
      "step": 390
    },
    {
      "epoch": 1.23,
      "learning_rate": 1e-05,
      "loss": 0.7601,
      "step": 391
    },
    {
      "epoch": 1.23,
      "learning_rate": 1e-05,
      "loss": 0.764,
      "step": 392
    },
    {
      "epoch": 1.24,
      "learning_rate": 1e-05,
      "loss": 0.7936,
      "step": 393
    },
    {
      "epoch": 1.24,
      "learning_rate": 1e-05,
      "loss": 0.794,
      "step": 394
    },
    {
      "epoch": 1.24,
      "learning_rate": 1e-05,
      "loss": 0.8757,
      "step": 395
    },
    {
      "epoch": 1.25,
      "learning_rate": 1e-05,
      "loss": 0.8936,
      "step": 396
    },
    {
      "epoch": 1.25,
      "learning_rate": 1e-05,
      "loss": 0.7884,
      "step": 397
    },
    {
      "epoch": 1.25,
      "learning_rate": 1e-05,
      "loss": 0.839,
      "step": 398
    },
    {
      "epoch": 1.26,
      "learning_rate": 1e-05,
      "loss": 0.7975,
      "step": 399
    },
    {
      "epoch": 1.26,
      "learning_rate": 1e-05,
      "loss": 0.8386,
      "step": 400
    },
    {
      "epoch": 1.26,
      "learning_rate": 1e-05,
      "loss": 0.7598,
      "step": 401
    },
    {
      "epoch": 1.26,
      "learning_rate": 1e-05,
      "loss": 0.7702,
      "step": 402
    },
    {
      "epoch": 1.27,
      "learning_rate": 1e-05,
      "loss": 0.7601,
      "step": 403
    },
    {
      "epoch": 1.27,
      "learning_rate": 1e-05,
      "loss": 0.8009,
      "step": 404
    },
    {
      "epoch": 1.27,
      "learning_rate": 1e-05,
      "loss": 0.7674,
      "step": 405
    },
    {
      "epoch": 1.28,
      "learning_rate": 1e-05,
      "loss": 0.7132,
      "step": 406
    },
    {
      "epoch": 1.28,
      "learning_rate": 1e-05,
      "loss": 0.7889,
      "step": 407
    },
    {
      "epoch": 1.28,
      "learning_rate": 1e-05,
      "loss": 0.8719,
      "step": 408
    },
    {
      "epoch": 1.29,
      "learning_rate": 1e-05,
      "loss": 0.8092,
      "step": 409
    },
    {
      "epoch": 1.29,
      "learning_rate": 1e-05,
      "loss": 0.7614,
      "step": 410
    },
    {
      "epoch": 1.29,
      "learning_rate": 1e-05,
      "loss": 0.7761,
      "step": 411
    },
    {
      "epoch": 1.3,
      "learning_rate": 1e-05,
      "loss": 0.7647,
      "step": 412
    },
    {
      "epoch": 1.3,
      "learning_rate": 1e-05,
      "loss": 0.7687,
      "step": 413
    },
    {
      "epoch": 1.3,
      "learning_rate": 1e-05,
      "loss": 0.7374,
      "step": 414
    },
    {
      "epoch": 1.31,
      "learning_rate": 1e-05,
      "loss": 0.8372,
      "step": 415
    },
    {
      "epoch": 1.31,
      "learning_rate": 1e-05,
      "loss": 0.6743,
      "step": 416
    },
    {
      "epoch": 1.31,
      "learning_rate": 1e-05,
      "loss": 0.8126,
      "step": 417
    },
    {
      "epoch": 1.31,
      "learning_rate": 1e-05,
      "loss": 0.7636,
      "step": 418
    },
    {
      "epoch": 1.32,
      "learning_rate": 1e-05,
      "loss": 0.7215,
      "step": 419
    },
    {
      "epoch": 1.32,
      "learning_rate": 1e-05,
      "loss": 0.769,
      "step": 420
    },
    {
      "epoch": 1.32,
      "learning_rate": 1e-05,
      "loss": 0.7635,
      "step": 421
    },
    {
      "epoch": 1.33,
      "learning_rate": 1e-05,
      "loss": 0.8382,
      "step": 422
    },
    {
      "epoch": 1.33,
      "learning_rate": 1e-05,
      "loss": 0.7667,
      "step": 423
    },
    {
      "epoch": 1.33,
      "learning_rate": 1e-05,
      "loss": 0.7738,
      "step": 424
    },
    {
      "epoch": 1.34,
      "learning_rate": 1e-05,
      "loss": 0.8193,
      "step": 425
    },
    {
      "epoch": 1.34,
      "learning_rate": 1e-05,
      "loss": 0.8298,
      "step": 426
    },
    {
      "epoch": 1.34,
      "learning_rate": 1e-05,
      "loss": 0.7422,
      "step": 427
    },
    {
      "epoch": 1.35,
      "learning_rate": 1e-05,
      "loss": 0.7404,
      "step": 428
    },
    {
      "epoch": 1.35,
      "learning_rate": 1e-05,
      "loss": 0.7325,
      "step": 429
    },
    {
      "epoch": 1.35,
      "learning_rate": 1e-05,
      "loss": 0.8057,
      "step": 430
    },
    {
      "epoch": 1.36,
      "learning_rate": 1e-05,
      "loss": 0.8448,
      "step": 431
    },
    {
      "epoch": 1.36,
      "learning_rate": 1e-05,
      "loss": 0.7662,
      "step": 432
    },
    {
      "epoch": 1.36,
      "learning_rate": 1e-05,
      "loss": 0.811,
      "step": 433
    },
    {
      "epoch": 1.37,
      "learning_rate": 1e-05,
      "loss": 0.7133,
      "step": 434
    },
    {
      "epoch": 1.37,
      "learning_rate": 1e-05,
      "loss": 0.7335,
      "step": 435
    },
    {
      "epoch": 1.37,
      "learning_rate": 1e-05,
      "loss": 0.7814,
      "step": 436
    },
    {
      "epoch": 1.37,
      "learning_rate": 1e-05,
      "loss": 0.7343,
      "step": 437
    },
    {
      "epoch": 1.38,
      "learning_rate": 1e-05,
      "loss": 0.7535,
      "step": 438
    },
    {
      "epoch": 1.38,
      "learning_rate": 1e-05,
      "loss": 0.8018,
      "step": 439
    },
    {
      "epoch": 1.38,
      "learning_rate": 1e-05,
      "loss": 0.8176,
      "step": 440
    },
    {
      "epoch": 1.39,
      "learning_rate": 1e-05,
      "loss": 0.8225,
      "step": 441
    },
    {
      "epoch": 1.39,
      "learning_rate": 1e-05,
      "loss": 0.7557,
      "step": 442
    },
    {
      "epoch": 1.39,
      "learning_rate": 1e-05,
      "loss": 0.7851,
      "step": 443
    },
    {
      "epoch": 1.4,
      "learning_rate": 1e-05,
      "loss": 0.7419,
      "step": 444
    },
    {
      "epoch": 1.4,
      "learning_rate": 1e-05,
      "loss": 0.8129,
      "step": 445
    },
    {
      "epoch": 1.4,
      "learning_rate": 1e-05,
      "loss": 0.7719,
      "step": 446
    },
    {
      "epoch": 1.41,
      "learning_rate": 1e-05,
      "loss": 0.7549,
      "step": 447
    },
    {
      "epoch": 1.41,
      "learning_rate": 1e-05,
      "loss": 0.7534,
      "step": 448
    },
    {
      "epoch": 1.41,
      "learning_rate": 1e-05,
      "loss": 0.7684,
      "step": 449
    },
    {
      "epoch": 1.42,
      "learning_rate": 1e-05,
      "loss": 0.8307,
      "step": 450
    },
    {
      "epoch": 1.42,
      "learning_rate": 1e-05,
      "loss": 0.8094,
      "step": 451
    },
    {
      "epoch": 1.42,
      "learning_rate": 1e-05,
      "loss": 0.8249,
      "step": 452
    },
    {
      "epoch": 1.43,
      "learning_rate": 1e-05,
      "loss": 0.7431,
      "step": 453
    },
    {
      "epoch": 1.43,
      "learning_rate": 1e-05,
      "loss": 0.7679,
      "step": 454
    },
    {
      "epoch": 1.43,
      "learning_rate": 1e-05,
      "loss": 0.7396,
      "step": 455
    },
    {
      "epoch": 1.43,
      "learning_rate": 1e-05,
      "loss": 0.8286,
      "step": 456
    },
    {
      "epoch": 1.44,
      "learning_rate": 1e-05,
      "loss": 0.7917,
      "step": 457
    },
    {
      "epoch": 1.44,
      "learning_rate": 1e-05,
      "loss": 0.8163,
      "step": 458
    },
    {
      "epoch": 1.44,
      "learning_rate": 1e-05,
      "loss": 0.8033,
      "step": 459
    },
    {
      "epoch": 1.45,
      "learning_rate": 1e-05,
      "loss": 0.8453,
      "step": 460
    },
    {
      "epoch": 1.45,
      "learning_rate": 1e-05,
      "loss": 0.7288,
      "step": 461
    },
    {
      "epoch": 1.45,
      "learning_rate": 1e-05,
      "loss": 0.7436,
      "step": 462
    },
    {
      "epoch": 1.46,
      "learning_rate": 1e-05,
      "loss": 0.7958,
      "step": 463
    },
    {
      "epoch": 1.46,
      "learning_rate": 1e-05,
      "loss": 0.7164,
      "step": 464
    },
    {
      "epoch": 1.46,
      "learning_rate": 1e-05,
      "loss": 0.7682,
      "step": 465
    },
    {
      "epoch": 1.47,
      "learning_rate": 1e-05,
      "loss": 0.8096,
      "step": 466
    },
    {
      "epoch": 1.47,
      "learning_rate": 1e-05,
      "loss": 0.7923,
      "step": 467
    },
    {
      "epoch": 1.47,
      "learning_rate": 1e-05,
      "loss": 0.7567,
      "step": 468
    },
    {
      "epoch": 1.48,
      "learning_rate": 1e-05,
      "loss": 0.819,
      "step": 469
    },
    {
      "epoch": 1.48,
      "learning_rate": 1e-05,
      "loss": 0.8067,
      "step": 470
    },
    {
      "epoch": 1.48,
      "learning_rate": 1e-05,
      "loss": 0.8013,
      "step": 471
    },
    {
      "epoch": 1.48,
      "learning_rate": 1e-05,
      "loss": 0.8552,
      "step": 472
    },
    {
      "epoch": 1.49,
      "learning_rate": 1e-05,
      "loss": 0.7417,
      "step": 473
    },
    {
      "epoch": 1.49,
      "learning_rate": 1e-05,
      "loss": 0.7591,
      "step": 474
    },
    {
      "epoch": 1.49,
      "learning_rate": 1e-05,
      "loss": 0.7731,
      "step": 475
    },
    {
      "epoch": 1.5,
      "learning_rate": 1e-05,
      "loss": 0.7647,
      "step": 476
    },
    {
      "epoch": 1.5,
      "learning_rate": 1e-05,
      "loss": 0.7967,
      "step": 477
    },
    {
      "epoch": 1.5,
      "learning_rate": 1e-05,
      "loss": 0.7738,
      "step": 478
    },
    {
      "epoch": 1.51,
      "learning_rate": 1e-05,
      "loss": 0.7105,
      "step": 479
    },
    {
      "epoch": 1.51,
      "learning_rate": 1e-05,
      "loss": 0.7927,
      "step": 480
    },
    {
      "epoch": 1.51,
      "learning_rate": 1e-05,
      "loss": 0.8058,
      "step": 481
    },
    {
      "epoch": 1.52,
      "learning_rate": 1e-05,
      "loss": 0.766,
      "step": 482
    },
    {
      "epoch": 1.52,
      "learning_rate": 1e-05,
      "loss": 0.7863,
      "step": 483
    },
    {
      "epoch": 1.52,
      "learning_rate": 1e-05,
      "loss": 0.7576,
      "step": 484
    },
    {
      "epoch": 1.53,
      "learning_rate": 1e-05,
      "loss": 0.76,
      "step": 485
    },
    {
      "epoch": 1.53,
      "learning_rate": 1e-05,
      "loss": 0.8326,
      "step": 486
    },
    {
      "epoch": 1.53,
      "learning_rate": 1e-05,
      "loss": 0.8236,
      "step": 487
    },
    {
      "epoch": 1.54,
      "learning_rate": 1e-05,
      "loss": 0.7346,
      "step": 488
    },
    {
      "epoch": 1.54,
      "learning_rate": 1e-05,
      "loss": 0.7616,
      "step": 489
    },
    {
      "epoch": 1.54,
      "learning_rate": 1e-05,
      "loss": 0.7952,
      "step": 490
    },
    {
      "epoch": 1.54,
      "learning_rate": 1e-05,
      "loss": 0.8543,
      "step": 491
    },
    {
      "epoch": 1.55,
      "learning_rate": 1e-05,
      "loss": 0.7978,
      "step": 492
    },
    {
      "epoch": 1.55,
      "learning_rate": 1e-05,
      "loss": 0.826,
      "step": 493
    },
    {
      "epoch": 1.55,
      "learning_rate": 1e-05,
      "loss": 0.6826,
      "step": 494
    },
    {
      "epoch": 1.56,
      "learning_rate": 1e-05,
      "loss": 0.7784,
      "step": 495
    },
    {
      "epoch": 1.56,
      "learning_rate": 1e-05,
      "loss": 0.789,
      "step": 496
    },
    {
      "epoch": 1.56,
      "learning_rate": 1e-05,
      "loss": 0.7899,
      "step": 497
    },
    {
      "epoch": 1.57,
      "learning_rate": 1e-05,
      "loss": 0.777,
      "step": 498
    },
    {
      "epoch": 1.57,
      "learning_rate": 1e-05,
      "loss": 0.8324,
      "step": 499
    },
    {
      "epoch": 1.57,
      "learning_rate": 1e-05,
      "loss": 0.7392,
      "step": 500
    },
    {
      "epoch": 1.58,
      "learning_rate": 1e-05,
      "loss": 0.8029,
      "step": 501
    },
    {
      "epoch": 1.58,
      "learning_rate": 1e-05,
      "loss": 0.779,
      "step": 502
    },
    {
      "epoch": 1.58,
      "learning_rate": 1e-05,
      "loss": 0.7539,
      "step": 503
    },
    {
      "epoch": 1.59,
      "learning_rate": 1e-05,
      "loss": 0.7905,
      "step": 504
    },
    {
      "epoch": 1.59,
      "learning_rate": 1e-05,
      "loss": 0.8102,
      "step": 505
    },
    {
      "epoch": 1.59,
      "learning_rate": 1e-05,
      "loss": 0.8285,
      "step": 506
    },
    {
      "epoch": 1.59,
      "learning_rate": 1e-05,
      "loss": 0.825,
      "step": 507
    },
    {
      "epoch": 1.6,
      "learning_rate": 1e-05,
      "loss": 0.7613,
      "step": 508
    },
    {
      "epoch": 1.6,
      "learning_rate": 1e-05,
      "loss": 0.7874,
      "step": 509
    },
    {
      "epoch": 1.6,
      "learning_rate": 1e-05,
      "loss": 0.7859,
      "step": 510
    },
    {
      "epoch": 1.61,
      "learning_rate": 1e-05,
      "loss": 0.7386,
      "step": 511
    },
    {
      "epoch": 1.61,
      "learning_rate": 1e-05,
      "loss": 0.7795,
      "step": 512
    },
    {
      "epoch": 1.61,
      "learning_rate": 1e-05,
      "loss": 0.7774,
      "step": 513
    },
    {
      "epoch": 1.62,
      "learning_rate": 1e-05,
      "loss": 0.7587,
      "step": 514
    },
    {
      "epoch": 1.62,
      "learning_rate": 1e-05,
      "loss": 0.7628,
      "step": 515
    },
    {
      "epoch": 1.62,
      "learning_rate": 1e-05,
      "loss": 0.7701,
      "step": 516
    },
    {
      "epoch": 1.63,
      "learning_rate": 1e-05,
      "loss": 0.7761,
      "step": 517
    },
    {
      "epoch": 1.63,
      "learning_rate": 1e-05,
      "loss": 0.7547,
      "step": 518
    },
    {
      "epoch": 1.63,
      "learning_rate": 1e-05,
      "loss": 0.7753,
      "step": 519
    },
    {
      "epoch": 1.64,
      "learning_rate": 1e-05,
      "loss": 0.7718,
      "step": 520
    },
    {
      "epoch": 1.64,
      "learning_rate": 1e-05,
      "loss": 0.7118,
      "step": 521
    },
    {
      "epoch": 1.64,
      "learning_rate": 1e-05,
      "loss": 0.7614,
      "step": 522
    },
    {
      "epoch": 1.65,
      "learning_rate": 1e-05,
      "loss": 0.8105,
      "step": 523
    },
    {
      "epoch": 1.65,
      "learning_rate": 1e-05,
      "loss": 0.7907,
      "step": 524
    },
    {
      "epoch": 1.65,
      "learning_rate": 1e-05,
      "loss": 0.784,
      "step": 525
    },
    {
      "epoch": 1.65,
      "learning_rate": 1e-05,
      "loss": 0.7556,
      "step": 526
    },
    {
      "epoch": 1.66,
      "learning_rate": 1e-05,
      "loss": 0.8192,
      "step": 527
    },
    {
      "epoch": 1.66,
      "learning_rate": 1e-05,
      "loss": 0.7724,
      "step": 528
    },
    {
      "epoch": 1.66,
      "learning_rate": 1e-05,
      "loss": 0.767,
      "step": 529
    },
    {
      "epoch": 1.67,
      "learning_rate": 1e-05,
      "loss": 0.81,
      "step": 530
    },
    {
      "epoch": 1.67,
      "learning_rate": 1e-05,
      "loss": 0.8051,
      "step": 531
    },
    {
      "epoch": 1.67,
      "learning_rate": 1e-05,
      "loss": 0.789,
      "step": 532
    },
    {
      "epoch": 1.68,
      "learning_rate": 1e-05,
      "loss": 0.767,
      "step": 533
    },
    {
      "epoch": 1.68,
      "learning_rate": 1e-05,
      "loss": 0.7615,
      "step": 534
    },
    {
      "epoch": 1.68,
      "learning_rate": 1e-05,
      "loss": 0.7554,
      "step": 535
    },
    {
      "epoch": 1.69,
      "learning_rate": 1e-05,
      "loss": 0.804,
      "step": 536
    },
    {
      "epoch": 1.69,
      "learning_rate": 1e-05,
      "loss": 0.7837,
      "step": 537
    },
    {
      "epoch": 1.69,
      "learning_rate": 1e-05,
      "loss": 0.7548,
      "step": 538
    },
    {
      "epoch": 1.7,
      "learning_rate": 1e-05,
      "loss": 0.7982,
      "step": 539
    },
    {
      "epoch": 1.7,
      "learning_rate": 1e-05,
      "loss": 0.7756,
      "step": 540
    },
    {
      "epoch": 1.7,
      "learning_rate": 1e-05,
      "loss": 0.7521,
      "step": 541
    },
    {
      "epoch": 1.71,
      "learning_rate": 1e-05,
      "loss": 0.7968,
      "step": 542
    },
    {
      "epoch": 1.71,
      "learning_rate": 1e-05,
      "loss": 0.7587,
      "step": 543
    },
    {
      "epoch": 1.71,
      "learning_rate": 1e-05,
      "loss": 0.8047,
      "step": 544
    },
    {
      "epoch": 1.71,
      "learning_rate": 1e-05,
      "loss": 0.8099,
      "step": 545
    },
    {
      "epoch": 1.72,
      "learning_rate": 1e-05,
      "loss": 0.7762,
      "step": 546
    },
    {
      "epoch": 1.72,
      "learning_rate": 1e-05,
      "loss": 0.795,
      "step": 547
    },
    {
      "epoch": 1.72,
      "learning_rate": 1e-05,
      "loss": 0.7523,
      "step": 548
    },
    {
      "epoch": 1.73,
      "learning_rate": 1e-05,
      "loss": 0.8147,
      "step": 549
    },
    {
      "epoch": 1.73,
      "learning_rate": 1e-05,
      "loss": 0.7893,
      "step": 550
    },
    {
      "epoch": 1.73,
      "learning_rate": 1e-05,
      "loss": 0.76,
      "step": 551
    },
    {
      "epoch": 1.74,
      "learning_rate": 1e-05,
      "loss": 0.7884,
      "step": 552
    },
    {
      "epoch": 1.74,
      "learning_rate": 1e-05,
      "loss": 0.7645,
      "step": 553
    },
    {
      "epoch": 1.74,
      "learning_rate": 1e-05,
      "loss": 0.7947,
      "step": 554
    },
    {
      "epoch": 1.75,
      "learning_rate": 1e-05,
      "loss": 0.7517,
      "step": 555
    },
    {
      "epoch": 1.75,
      "learning_rate": 1e-05,
      "loss": 0.8386,
      "step": 556
    },
    {
      "epoch": 1.75,
      "learning_rate": 1e-05,
      "loss": 0.8268,
      "step": 557
    },
    {
      "epoch": 1.76,
      "learning_rate": 1e-05,
      "loss": 0.8329,
      "step": 558
    },
    {
      "epoch": 1.76,
      "learning_rate": 1e-05,
      "loss": 0.7939,
      "step": 559
    },
    {
      "epoch": 1.76,
      "learning_rate": 1e-05,
      "loss": 0.8193,
      "step": 560
    },
    {
      "epoch": 1.76,
      "learning_rate": 1e-05,
      "loss": 0.7078,
      "step": 561
    },
    {
      "epoch": 1.77,
      "learning_rate": 1e-05,
      "loss": 0.7534,
      "step": 562
    },
    {
      "epoch": 1.77,
      "learning_rate": 1e-05,
      "loss": 0.7167,
      "step": 563
    },
    {
      "epoch": 1.77,
      "learning_rate": 1e-05,
      "loss": 0.7544,
      "step": 564
    },
    {
      "epoch": 1.78,
      "learning_rate": 1e-05,
      "loss": 0.8034,
      "step": 565
    },
    {
      "epoch": 1.78,
      "learning_rate": 1e-05,
      "loss": 0.7469,
      "step": 566
    },
    {
      "epoch": 1.78,
      "learning_rate": 1e-05,
      "loss": 0.7517,
      "step": 567
    },
    {
      "epoch": 1.79,
      "learning_rate": 1e-05,
      "loss": 0.7543,
      "step": 568
    },
    {
      "epoch": 1.79,
      "learning_rate": 1e-05,
      "loss": 0.7619,
      "step": 569
    },
    {
      "epoch": 1.79,
      "learning_rate": 1e-05,
      "loss": 0.788,
      "step": 570
    },
    {
      "epoch": 1.8,
      "learning_rate": 1e-05,
      "loss": 0.7904,
      "step": 571
    },
    {
      "epoch": 1.8,
      "learning_rate": 1e-05,
      "loss": 0.7384,
      "step": 572
    },
    {
      "epoch": 1.8,
      "learning_rate": 1e-05,
      "loss": 0.8297,
      "step": 573
    },
    {
      "epoch": 1.81,
      "learning_rate": 1e-05,
      "loss": 0.813,
      "step": 574
    },
    {
      "epoch": 1.81,
      "learning_rate": 1e-05,
      "loss": 0.8729,
      "step": 575
    },
    {
      "epoch": 1.81,
      "learning_rate": 1e-05,
      "loss": 0.7637,
      "step": 576
    },
    {
      "epoch": 1.82,
      "learning_rate": 1e-05,
      "loss": 0.7298,
      "step": 577
    },
    {
      "epoch": 1.82,
      "learning_rate": 1e-05,
      "loss": 0.7458,
      "step": 578
    },
    {
      "epoch": 1.82,
      "learning_rate": 1e-05,
      "loss": 0.7407,
      "step": 579
    },
    {
      "epoch": 1.82,
      "learning_rate": 1e-05,
      "loss": 0.7404,
      "step": 580
    },
    {
      "epoch": 1.83,
      "learning_rate": 1e-05,
      "loss": 0.8086,
      "step": 581
    },
    {
      "epoch": 1.83,
      "learning_rate": 1e-05,
      "loss": 0.7649,
      "step": 582
    },
    {
      "epoch": 1.83,
      "learning_rate": 1e-05,
      "loss": 0.7819,
      "step": 583
    },
    {
      "epoch": 1.84,
      "learning_rate": 1e-05,
      "loss": 0.7228,
      "step": 584
    },
    {
      "epoch": 1.84,
      "learning_rate": 1e-05,
      "loss": 0.743,
      "step": 585
    },
    {
      "epoch": 1.84,
      "learning_rate": 1e-05,
      "loss": 0.7778,
      "step": 586
    },
    {
      "epoch": 1.85,
      "learning_rate": 1e-05,
      "loss": 0.7176,
      "step": 587
    },
    {
      "epoch": 1.85,
      "learning_rate": 1e-05,
      "loss": 0.7266,
      "step": 588
    },
    {
      "epoch": 1.85,
      "learning_rate": 1e-05,
      "loss": 0.7493,
      "step": 589
    },
    {
      "epoch": 1.86,
      "learning_rate": 1e-05,
      "loss": 0.7714,
      "step": 590
    },
    {
      "epoch": 1.86,
      "learning_rate": 1e-05,
      "loss": 0.7344,
      "step": 591
    },
    {
      "epoch": 1.86,
      "learning_rate": 1e-05,
      "loss": 0.7358,
      "step": 592
    },
    {
      "epoch": 1.87,
      "learning_rate": 1e-05,
      "loss": 0.8105,
      "step": 593
    },
    {
      "epoch": 1.87,
      "learning_rate": 1e-05,
      "loss": 0.765,
      "step": 594
    },
    {
      "epoch": 1.87,
      "learning_rate": 1e-05,
      "loss": 0.8117,
      "step": 595
    },
    {
      "epoch": 1.87,
      "learning_rate": 1e-05,
      "loss": 0.841,
      "step": 596
    },
    {
      "epoch": 1.88,
      "learning_rate": 1e-05,
      "loss": 0.8033,
      "step": 597
    },
    {
      "epoch": 1.88,
      "learning_rate": 1e-05,
      "loss": 0.8151,
      "step": 598
    },
    {
      "epoch": 1.88,
      "learning_rate": 1e-05,
      "loss": 0.7472,
      "step": 599
    },
    {
      "epoch": 1.89,
      "learning_rate": 1e-05,
      "loss": 0.7527,
      "step": 600
    },
    {
      "epoch": 1.89,
      "learning_rate": 1e-05,
      "loss": 0.779,
      "step": 601
    },
    {
      "epoch": 1.89,
      "learning_rate": 1e-05,
      "loss": 0.7181,
      "step": 602
    },
    {
      "epoch": 1.9,
      "learning_rate": 1e-05,
      "loss": 0.7061,
      "step": 603
    },
    {
      "epoch": 1.9,
      "learning_rate": 1e-05,
      "loss": 0.7888,
      "step": 604
    },
    {
      "epoch": 1.9,
      "learning_rate": 1e-05,
      "loss": 0.8139,
      "step": 605
    },
    {
      "epoch": 1.91,
      "learning_rate": 1e-05,
      "loss": 0.765,
      "step": 606
    },
    {
      "epoch": 1.91,
      "learning_rate": 1e-05,
      "loss": 0.8056,
      "step": 607
    },
    {
      "epoch": 1.91,
      "learning_rate": 1e-05,
      "loss": 0.764,
      "step": 608
    },
    {
      "epoch": 1.92,
      "learning_rate": 1e-05,
      "loss": 0.7751,
      "step": 609
    },
    {
      "epoch": 1.92,
      "learning_rate": 1e-05,
      "loss": 0.8449,
      "step": 610
    },
    {
      "epoch": 1.92,
      "learning_rate": 1e-05,
      "loss": 0.7447,
      "step": 611
    },
    {
      "epoch": 1.93,
      "learning_rate": 1e-05,
      "loss": 0.7704,
      "step": 612
    },
    {
      "epoch": 1.93,
      "learning_rate": 1e-05,
      "loss": 0.7778,
      "step": 613
    },
    {
      "epoch": 1.93,
      "learning_rate": 1e-05,
      "loss": 0.7782,
      "step": 614
    },
    {
      "epoch": 1.93,
      "learning_rate": 1e-05,
      "loss": 0.8163,
      "step": 615
    },
    {
      "epoch": 1.94,
      "learning_rate": 1e-05,
      "loss": 0.7247,
      "step": 616
    },
    {
      "epoch": 1.94,
      "learning_rate": 1e-05,
      "loss": 0.7587,
      "step": 617
    },
    {
      "epoch": 1.94,
      "learning_rate": 1e-05,
      "loss": 0.7612,
      "step": 618
    },
    {
      "epoch": 1.95,
      "learning_rate": 1e-05,
      "loss": 0.7461,
      "step": 619
    },
    {
      "epoch": 1.95,
      "learning_rate": 1e-05,
      "loss": 0.7783,
      "step": 620
    },
    {
      "epoch": 1.95,
      "learning_rate": 1e-05,
      "loss": 0.8137,
      "step": 621
    },
    {
      "epoch": 1.96,
      "learning_rate": 1e-05,
      "loss": 0.7553,
      "step": 622
    },
    {
      "epoch": 1.96,
      "learning_rate": 1e-05,
      "loss": 0.7849,
      "step": 623
    },
    {
      "epoch": 1.96,
      "learning_rate": 1e-05,
      "loss": 0.7794,
      "step": 624
    },
    {
      "epoch": 1.97,
      "learning_rate": 1e-05,
      "loss": 0.7667,
      "step": 625
    },
    {
      "epoch": 1.97,
      "learning_rate": 1e-05,
      "loss": 0.7249,
      "step": 626
    },
    {
      "epoch": 1.97,
      "learning_rate": 1e-05,
      "loss": 0.7657,
      "step": 627
    },
    {
      "epoch": 1.98,
      "learning_rate": 1e-05,
      "loss": 0.7876,
      "step": 628
    },
    {
      "epoch": 1.98,
      "learning_rate": 1e-05,
      "loss": 0.767,
      "step": 629
    },
    {
      "epoch": 1.98,
      "learning_rate": 1e-05,
      "loss": 0.7828,
      "step": 630
    },
    {
      "epoch": 1.99,
      "learning_rate": 1e-05,
      "loss": 0.7602,
      "step": 631
    },
    {
      "epoch": 1.99,
      "learning_rate": 1e-05,
      "loss": 0.7682,
      "step": 632
    },
    {
      "epoch": 1.99,
      "learning_rate": 1e-05,
      "loss": 0.743,
      "step": 633
    },
    {
      "epoch": 1.99,
      "learning_rate": 1e-05,
      "loss": 0.7587,
      "step": 634
    },
    {
      "epoch": 2.0,
      "learning_rate": 1e-05,
      "loss": 0.8333,
      "step": 635
    },
    {
      "epoch": 2.0,
      "learning_rate": 1e-05,
      "loss": 0.7478,
      "step": 636
    },
    {
      "epoch": 2.0,
      "learning_rate": 1e-05,
      "loss": 0.6287,
      "step": 637
    },
    {
      "epoch": 2.01,
      "learning_rate": 1e-05,
      "loss": 0.619,
      "step": 638
    },
    {
      "epoch": 2.01,
      "learning_rate": 1e-05,
      "loss": 0.6767,
      "step": 639
    },
    {
      "epoch": 2.01,
      "learning_rate": 1e-05,
      "loss": 0.555,
      "step": 640
    },
    {
      "epoch": 2.02,
      "learning_rate": 1e-05,
      "loss": 0.6482,
      "step": 641
    },
    {
      "epoch": 2.02,
      "learning_rate": 1e-05,
      "loss": 0.6186,
      "step": 642
    },
    {
      "epoch": 2.02,
      "learning_rate": 1e-05,
      "loss": 0.6247,
      "step": 643
    },
    {
      "epoch": 2.03,
      "learning_rate": 1e-05,
      "loss": 0.6389,
      "step": 644
    },
    {
      "epoch": 2.03,
      "learning_rate": 1e-05,
      "loss": 0.5961,
      "step": 645
    },
    {
      "epoch": 2.03,
      "learning_rate": 1e-05,
      "loss": 0.625,
      "step": 646
    },
    {
      "epoch": 2.04,
      "learning_rate": 1e-05,
      "loss": 0.5685,
      "step": 647
    },
    {
      "epoch": 2.04,
      "learning_rate": 1e-05,
      "loss": 0.608,
      "step": 648
    },
    {
      "epoch": 2.04,
      "learning_rate": 1e-05,
      "loss": 0.6077,
      "step": 649
    },
    {
      "epoch": 2.04,
      "learning_rate": 1e-05,
      "loss": 0.5961,
      "step": 650
    },
    {
      "epoch": 2.05,
      "learning_rate": 1e-05,
      "loss": 0.6326,
      "step": 651
    },
    {
      "epoch": 2.05,
      "learning_rate": 1e-05,
      "loss": 0.6584,
      "step": 652
    },
    {
      "epoch": 2.05,
      "learning_rate": 1e-05,
      "loss": 0.6234,
      "step": 653
    },
    {
      "epoch": 2.06,
      "learning_rate": 1e-05,
      "loss": 0.6135,
      "step": 654
    },
    {
      "epoch": 2.06,
      "learning_rate": 1e-05,
      "loss": 0.5948,
      "step": 655
    },
    {
      "epoch": 2.06,
      "learning_rate": 1e-05,
      "loss": 0.5863,
      "step": 656
    },
    {
      "epoch": 2.07,
      "learning_rate": 1e-05,
      "loss": 0.5954,
      "step": 657
    },
    {
      "epoch": 2.07,
      "learning_rate": 1e-05,
      "loss": 0.6158,
      "step": 658
    },
    {
      "epoch": 2.07,
      "learning_rate": 1e-05,
      "loss": 0.5904,
      "step": 659
    },
    {
      "epoch": 2.08,
      "learning_rate": 1e-05,
      "loss": 0.6028,
      "step": 660
    },
    {
      "epoch": 2.08,
      "learning_rate": 1e-05,
      "loss": 0.6068,
      "step": 661
    },
    {
      "epoch": 2.08,
      "learning_rate": 1e-05,
      "loss": 0.634,
      "step": 662
    },
    {
      "epoch": 2.09,
      "learning_rate": 1e-05,
      "loss": 0.5943,
      "step": 663
    },
    {
      "epoch": 2.09,
      "learning_rate": 1e-05,
      "loss": 0.5792,
      "step": 664
    },
    {
      "epoch": 2.09,
      "learning_rate": 1e-05,
      "loss": 0.6295,
      "step": 665
    },
    {
      "epoch": 2.1,
      "learning_rate": 1e-05,
      "loss": 0.6506,
      "step": 666
    },
    {
      "epoch": 2.1,
      "learning_rate": 1e-05,
      "loss": 0.6179,
      "step": 667
    },
    {
      "epoch": 2.1,
      "learning_rate": 1e-05,
      "loss": 0.6149,
      "step": 668
    },
    {
      "epoch": 2.1,
      "learning_rate": 1e-05,
      "loss": 0.528,
      "step": 669
    },
    {
      "epoch": 2.11,
      "learning_rate": 1e-05,
      "loss": 0.6346,
      "step": 670
    },
    {
      "epoch": 2.11,
      "learning_rate": 1e-05,
      "loss": 0.5985,
      "step": 671
    },
    {
      "epoch": 2.11,
      "learning_rate": 1e-05,
      "loss": 0.6238,
      "step": 672
    },
    {
      "epoch": 2.12,
      "learning_rate": 1e-05,
      "loss": 0.6362,
      "step": 673
    },
    {
      "epoch": 2.12,
      "learning_rate": 1e-05,
      "loss": 0.6396,
      "step": 674
    },
    {
      "epoch": 2.12,
      "learning_rate": 1e-05,
      "loss": 0.5589,
      "step": 675
    },
    {
      "epoch": 2.13,
      "learning_rate": 1e-05,
      "loss": 0.6301,
      "step": 676
    },
    {
      "epoch": 2.13,
      "learning_rate": 1e-05,
      "loss": 0.6423,
      "step": 677
    },
    {
      "epoch": 2.13,
      "learning_rate": 1e-05,
      "loss": 0.6588,
      "step": 678
    },
    {
      "epoch": 2.14,
      "learning_rate": 1e-05,
      "loss": 0.6438,
      "step": 679
    },
    {
      "epoch": 2.14,
      "learning_rate": 1e-05,
      "loss": 0.6087,
      "step": 680
    },
    {
      "epoch": 2.14,
      "learning_rate": 1e-05,
      "loss": 0.6677,
      "step": 681
    },
    {
      "epoch": 2.15,
      "learning_rate": 1e-05,
      "loss": 0.5346,
      "step": 682
    },
    {
      "epoch": 2.15,
      "learning_rate": 1e-05,
      "loss": 0.6234,
      "step": 683
    },
    {
      "epoch": 2.15,
      "learning_rate": 1e-05,
      "loss": 0.6238,
      "step": 684
    },
    {
      "epoch": 2.15,
      "learning_rate": 1e-05,
      "loss": 0.5813,
      "step": 685
    },
    {
      "epoch": 2.16,
      "learning_rate": 1e-05,
      "loss": 0.5921,
      "step": 686
    },
    {
      "epoch": 2.16,
      "learning_rate": 1e-05,
      "loss": 0.6516,
      "step": 687
    },
    {
      "epoch": 2.16,
      "learning_rate": 1e-05,
      "loss": 0.5815,
      "step": 688
    },
    {
      "epoch": 2.17,
      "learning_rate": 1e-05,
      "loss": 0.6071,
      "step": 689
    },
    {
      "epoch": 2.17,
      "learning_rate": 1e-05,
      "loss": 0.6034,
      "step": 690
    },
    {
      "epoch": 2.17,
      "learning_rate": 1e-05,
      "loss": 0.5842,
      "step": 691
    },
    {
      "epoch": 2.18,
      "learning_rate": 1e-05,
      "loss": 0.6299,
      "step": 692
    },
    {
      "epoch": 2.18,
      "learning_rate": 1e-05,
      "loss": 0.6504,
      "step": 693
    },
    {
      "epoch": 2.18,
      "learning_rate": 1e-05,
      "loss": 0.5525,
      "step": 694
    },
    {
      "epoch": 2.19,
      "learning_rate": 1e-05,
      "loss": 0.5962,
      "step": 695
    },
    {
      "epoch": 2.19,
      "learning_rate": 1e-05,
      "loss": 0.6195,
      "step": 696
    },
    {
      "epoch": 2.19,
      "learning_rate": 1e-05,
      "loss": 0.643,
      "step": 697
    },
    {
      "epoch": 2.2,
      "learning_rate": 1e-05,
      "loss": 0.5931,
      "step": 698
    },
    {
      "epoch": 2.2,
      "learning_rate": 1e-05,
      "loss": 0.6,
      "step": 699
    },
    {
      "epoch": 2.2,
      "learning_rate": 1e-05,
      "loss": 0.6198,
      "step": 700
    },
    {
      "epoch": 2.21,
      "learning_rate": 1e-05,
      "loss": 0.6031,
      "step": 701
    },
    {
      "epoch": 2.21,
      "learning_rate": 1e-05,
      "loss": 0.6352,
      "step": 702
    },
    {
      "epoch": 2.21,
      "learning_rate": 1e-05,
      "loss": 0.5769,
      "step": 703
    },
    {
      "epoch": 2.21,
      "learning_rate": 1e-05,
      "loss": 0.5917,
      "step": 704
    },
    {
      "epoch": 2.22,
      "learning_rate": 1e-05,
      "loss": 0.6171,
      "step": 705
    },
    {
      "epoch": 2.22,
      "learning_rate": 1e-05,
      "loss": 0.619,
      "step": 706
    },
    {
      "epoch": 2.22,
      "learning_rate": 1e-05,
      "loss": 0.6274,
      "step": 707
    },
    {
      "epoch": 2.23,
      "learning_rate": 1e-05,
      "loss": 0.5695,
      "step": 708
    },
    {
      "epoch": 2.23,
      "learning_rate": 1e-05,
      "loss": 0.5681,
      "step": 709
    },
    {
      "epoch": 2.23,
      "learning_rate": 1e-05,
      "loss": 0.6429,
      "step": 710
    },
    {
      "epoch": 2.24,
      "learning_rate": 1e-05,
      "loss": 0.5875,
      "step": 711
    },
    {
      "epoch": 2.24,
      "learning_rate": 1e-05,
      "loss": 0.5625,
      "step": 712
    },
    {
      "epoch": 2.24,
      "learning_rate": 1e-05,
      "loss": 0.5889,
      "step": 713
    },
    {
      "epoch": 2.25,
      "learning_rate": 1e-05,
      "loss": 0.5954,
      "step": 714
    },
    {
      "epoch": 2.25,
      "learning_rate": 1e-05,
      "loss": 0.5794,
      "step": 715
    },
    {
      "epoch": 2.25,
      "learning_rate": 1e-05,
      "loss": 0.6437,
      "step": 716
    },
    {
      "epoch": 2.26,
      "learning_rate": 1e-05,
      "loss": 0.6196,
      "step": 717
    },
    {
      "epoch": 2.26,
      "learning_rate": 1e-05,
      "loss": 0.5682,
      "step": 718
    },
    {
      "epoch": 2.26,
      "learning_rate": 1e-05,
      "loss": 0.6055,
      "step": 719
    },
    {
      "epoch": 2.27,
      "learning_rate": 1e-05,
      "loss": 0.5972,
      "step": 720
    },
    {
      "epoch": 2.27,
      "learning_rate": 1e-05,
      "loss": 0.5907,
      "step": 721
    },
    {
      "epoch": 2.27,
      "learning_rate": 1e-05,
      "loss": 0.5639,
      "step": 722
    },
    {
      "epoch": 2.27,
      "learning_rate": 1e-05,
      "loss": 0.5956,
      "step": 723
    },
    {
      "epoch": 2.28,
      "learning_rate": 1e-05,
      "loss": 0.6351,
      "step": 724
    },
    {
      "epoch": 2.28,
      "learning_rate": 1e-05,
      "loss": 0.6008,
      "step": 725
    },
    {
      "epoch": 2.28,
      "learning_rate": 1e-05,
      "loss": 0.6113,
      "step": 726
    },
    {
      "epoch": 2.29,
      "learning_rate": 1e-05,
      "loss": 0.6381,
      "step": 727
    },
    {
      "epoch": 2.29,
      "learning_rate": 1e-05,
      "loss": 0.5819,
      "step": 728
    },
    {
      "epoch": 2.29,
      "learning_rate": 1e-05,
      "loss": 0.6642,
      "step": 729
    },
    {
      "epoch": 2.3,
      "learning_rate": 1e-05,
      "loss": 0.6312,
      "step": 730
    },
    {
      "epoch": 2.3,
      "learning_rate": 1e-05,
      "loss": 0.597,
      "step": 731
    },
    {
      "epoch": 2.3,
      "learning_rate": 1e-05,
      "loss": 0.6288,
      "step": 732
    },
    {
      "epoch": 2.31,
      "learning_rate": 1e-05,
      "loss": 0.6614,
      "step": 733
    },
    {
      "epoch": 2.31,
      "learning_rate": 1e-05,
      "loss": 0.6408,
      "step": 734
    },
    {
      "epoch": 2.31,
      "learning_rate": 1e-05,
      "loss": 0.573,
      "step": 735
    },
    {
      "epoch": 2.32,
      "learning_rate": 1e-05,
      "loss": 0.6492,
      "step": 736
    },
    {
      "epoch": 2.32,
      "learning_rate": 1e-05,
      "loss": 0.5827,
      "step": 737
    },
    {
      "epoch": 2.32,
      "learning_rate": 1e-05,
      "loss": 0.6444,
      "step": 738
    },
    {
      "epoch": 2.32,
      "learning_rate": 1e-05,
      "loss": 0.6032,
      "step": 739
    },
    {
      "epoch": 2.33,
      "learning_rate": 1e-05,
      "loss": 0.6041,
      "step": 740
    },
    {
      "epoch": 2.33,
      "learning_rate": 1e-05,
      "loss": 0.5859,
      "step": 741
    },
    {
      "epoch": 2.33,
      "learning_rate": 1e-05,
      "loss": 0.6402,
      "step": 742
    },
    {
      "epoch": 2.34,
      "learning_rate": 1e-05,
      "loss": 0.6152,
      "step": 743
    },
    {
      "epoch": 2.34,
      "learning_rate": 1e-05,
      "loss": 0.6213,
      "step": 744
    },
    {
      "epoch": 2.34,
      "learning_rate": 1e-05,
      "loss": 0.6365,
      "step": 745
    },
    {
      "epoch": 2.35,
      "learning_rate": 1e-05,
      "loss": 0.6014,
      "step": 746
    },
    {
      "epoch": 2.35,
      "learning_rate": 1e-05,
      "loss": 0.5919,
      "step": 747
    },
    {
      "epoch": 2.35,
      "learning_rate": 1e-05,
      "loss": 0.6839,
      "step": 748
    },
    {
      "epoch": 2.36,
      "learning_rate": 1e-05,
      "loss": 0.6221,
      "step": 749
    },
    {
      "epoch": 2.36,
      "learning_rate": 1e-05,
      "loss": 0.6261,
      "step": 750
    },
    {
      "epoch": 2.36,
      "learning_rate": 1e-05,
      "loss": 0.5627,
      "step": 751
    },
    {
      "epoch": 2.37,
      "learning_rate": 1e-05,
      "loss": 0.6146,
      "step": 752
    },
    {
      "epoch": 2.37,
      "learning_rate": 1e-05,
      "loss": 0.5268,
      "step": 753
    },
    {
      "epoch": 2.37,
      "learning_rate": 1e-05,
      "loss": 0.5892,
      "step": 754
    },
    {
      "epoch": 2.38,
      "learning_rate": 1e-05,
      "loss": 0.5602,
      "step": 755
    },
    {
      "epoch": 2.38,
      "learning_rate": 1e-05,
      "loss": 0.6037,
      "step": 756
    },
    {
      "epoch": 2.38,
      "learning_rate": 1e-05,
      "loss": 0.6174,
      "step": 757
    },
    {
      "epoch": 2.38,
      "learning_rate": 1e-05,
      "loss": 0.6607,
      "step": 758
    },
    {
      "epoch": 2.39,
      "learning_rate": 1e-05,
      "loss": 0.5441,
      "step": 759
    },
    {
      "epoch": 2.39,
      "learning_rate": 1e-05,
      "loss": 0.6131,
      "step": 760
    },
    {
      "epoch": 2.39,
      "learning_rate": 1e-05,
      "loss": 0.6003,
      "step": 761
    },
    {
      "epoch": 2.4,
      "learning_rate": 1e-05,
      "loss": 0.634,
      "step": 762
    },
    {
      "epoch": 2.4,
      "learning_rate": 1e-05,
      "loss": 0.6225,
      "step": 763
    },
    {
      "epoch": 2.4,
      "learning_rate": 1e-05,
      "loss": 0.5594,
      "step": 764
    },
    {
      "epoch": 2.41,
      "learning_rate": 1e-05,
      "loss": 0.6216,
      "step": 765
    },
    {
      "epoch": 2.41,
      "learning_rate": 1e-05,
      "loss": 0.611,
      "step": 766
    },
    {
      "epoch": 2.41,
      "learning_rate": 1e-05,
      "loss": 0.5624,
      "step": 767
    },
    {
      "epoch": 2.42,
      "learning_rate": 1e-05,
      "loss": 0.5925,
      "step": 768
    },
    {
      "epoch": 2.42,
      "learning_rate": 1e-05,
      "loss": 0.5477,
      "step": 769
    },
    {
      "epoch": 2.42,
      "learning_rate": 1e-05,
      "loss": 0.6128,
      "step": 770
    },
    {
      "epoch": 2.43,
      "learning_rate": 1e-05,
      "loss": 0.5754,
      "step": 771
    },
    {
      "epoch": 2.43,
      "learning_rate": 1e-05,
      "loss": 0.6273,
      "step": 772
    },
    {
      "epoch": 2.43,
      "learning_rate": 1e-05,
      "loss": 0.6016,
      "step": 773
    },
    {
      "epoch": 2.43,
      "learning_rate": 1e-05,
      "loss": 0.5749,
      "step": 774
    },
    {
      "epoch": 2.44,
      "learning_rate": 1e-05,
      "loss": 0.6495,
      "step": 775
    },
    {
      "epoch": 2.44,
      "learning_rate": 1e-05,
      "loss": 0.657,
      "step": 776
    },
    {
      "epoch": 2.44,
      "learning_rate": 1e-05,
      "loss": 0.5568,
      "step": 777
    },
    {
      "epoch": 2.45,
      "learning_rate": 1e-05,
      "loss": 0.6708,
      "step": 778
    },
    {
      "epoch": 2.45,
      "learning_rate": 1e-05,
      "loss": 0.5931,
      "step": 779
    },
    {
      "epoch": 2.45,
      "learning_rate": 1e-05,
      "loss": 0.5157,
      "step": 780
    },
    {
      "epoch": 2.46,
      "learning_rate": 1e-05,
      "loss": 0.6411,
      "step": 781
    },
    {
      "epoch": 2.46,
      "learning_rate": 1e-05,
      "loss": 0.615,
      "step": 782
    },
    {
      "epoch": 2.46,
      "learning_rate": 1e-05,
      "loss": 0.6441,
      "step": 783
    },
    {
      "epoch": 2.47,
      "learning_rate": 1e-05,
      "loss": 0.6412,
      "step": 784
    },
    {
      "epoch": 2.47,
      "learning_rate": 1e-05,
      "loss": 0.644,
      "step": 785
    },
    {
      "epoch": 2.47,
      "learning_rate": 1e-05,
      "loss": 0.5942,
      "step": 786
    },
    {
      "epoch": 2.48,
      "learning_rate": 1e-05,
      "loss": 0.553,
      "step": 787
    },
    {
      "epoch": 2.48,
      "learning_rate": 1e-05,
      "loss": 0.5742,
      "step": 788
    },
    {
      "epoch": 2.48,
      "learning_rate": 1e-05,
      "loss": 0.5789,
      "step": 789
    },
    {
      "epoch": 2.49,
      "learning_rate": 1e-05,
      "loss": 0.5661,
      "step": 790
    },
    {
      "epoch": 2.49,
      "learning_rate": 1e-05,
      "loss": 0.6086,
      "step": 791
    },
    {
      "epoch": 2.49,
      "learning_rate": 1e-05,
      "loss": 0.622,
      "step": 792
    },
    {
      "epoch": 2.49,
      "learning_rate": 1e-05,
      "loss": 0.6,
      "step": 793
    },
    {
      "epoch": 2.5,
      "learning_rate": 1e-05,
      "loss": 0.5862,
      "step": 794
    },
    {
      "epoch": 2.5,
      "learning_rate": 1e-05,
      "loss": 0.5836,
      "step": 795
    },
    {
      "epoch": 2.5,
      "learning_rate": 1e-05,
      "loss": 0.6761,
      "step": 796
    },
    {
      "epoch": 2.51,
      "learning_rate": 1e-05,
      "loss": 0.5891,
      "step": 797
    },
    {
      "epoch": 2.51,
      "learning_rate": 1e-05,
      "loss": 0.6971,
      "step": 798
    },
    {
      "epoch": 2.51,
      "learning_rate": 1e-05,
      "loss": 0.6901,
      "step": 799
    },
    {
      "epoch": 2.52,
      "learning_rate": 1e-05,
      "loss": 0.656,
      "step": 800
    },
    {
      "epoch": 2.52,
      "learning_rate": 1e-05,
      "loss": 0.5946,
      "step": 801
    },
    {
      "epoch": 2.52,
      "learning_rate": 1e-05,
      "loss": 0.6008,
      "step": 802
    },
    {
      "epoch": 2.53,
      "learning_rate": 1e-05,
      "loss": 0.5931,
      "step": 803
    },
    {
      "epoch": 2.53,
      "learning_rate": 1e-05,
      "loss": 0.5979,
      "step": 804
    },
    {
      "epoch": 2.53,
      "learning_rate": 1e-05,
      "loss": 0.6452,
      "step": 805
    },
    {
      "epoch": 2.54,
      "learning_rate": 1e-05,
      "loss": 0.6335,
      "step": 806
    },
    {
      "epoch": 2.54,
      "learning_rate": 1e-05,
      "loss": 0.5995,
      "step": 807
    },
    {
      "epoch": 2.54,
      "learning_rate": 1e-05,
      "loss": 0.6049,
      "step": 808
    },
    {
      "epoch": 2.55,
      "learning_rate": 1e-05,
      "loss": 0.6492,
      "step": 809
    },
    {
      "epoch": 2.55,
      "learning_rate": 1e-05,
      "loss": 0.5966,
      "step": 810
    },
    {
      "epoch": 2.55,
      "learning_rate": 1e-05,
      "loss": 0.629,
      "step": 811
    },
    {
      "epoch": 2.55,
      "learning_rate": 1e-05,
      "loss": 0.6229,
      "step": 812
    },
    {
      "epoch": 2.56,
      "learning_rate": 1e-05,
      "loss": 0.5743,
      "step": 813
    },
    {
      "epoch": 2.56,
      "learning_rate": 1e-05,
      "loss": 0.6514,
      "step": 814
    },
    {
      "epoch": 2.56,
      "learning_rate": 1e-05,
      "loss": 0.6551,
      "step": 815
    },
    {
      "epoch": 2.57,
      "learning_rate": 1e-05,
      "loss": 0.5686,
      "step": 816
    },
    {
      "epoch": 2.57,
      "learning_rate": 1e-05,
      "loss": 0.5947,
      "step": 817
    },
    {
      "epoch": 2.57,
      "learning_rate": 1e-05,
      "loss": 0.5717,
      "step": 818
    },
    {
      "epoch": 2.58,
      "learning_rate": 1e-05,
      "loss": 0.6209,
      "step": 819
    },
    {
      "epoch": 2.58,
      "learning_rate": 1e-05,
      "loss": 0.5595,
      "step": 820
    },
    {
      "epoch": 2.58,
      "learning_rate": 1e-05,
      "loss": 0.5861,
      "step": 821
    },
    {
      "epoch": 2.59,
      "learning_rate": 1e-05,
      "loss": 0.6073,
      "step": 822
    },
    {
      "epoch": 2.59,
      "learning_rate": 1e-05,
      "loss": 0.6103,
      "step": 823
    },
    {
      "epoch": 2.59,
      "learning_rate": 1e-05,
      "loss": 0.611,
      "step": 824
    },
    {
      "epoch": 2.6,
      "learning_rate": 1e-05,
      "loss": 0.5748,
      "step": 825
    },
    {
      "epoch": 2.6,
      "learning_rate": 1e-05,
      "loss": 0.6237,
      "step": 826
    },
    {
      "epoch": 2.6,
      "learning_rate": 1e-05,
      "loss": 0.6294,
      "step": 827
    },
    {
      "epoch": 2.6,
      "learning_rate": 1e-05,
      "loss": 0.613,
      "step": 828
    },
    {
      "epoch": 2.61,
      "learning_rate": 1e-05,
      "loss": 0.6066,
      "step": 829
    },
    {
      "epoch": 2.61,
      "learning_rate": 1e-05,
      "loss": 0.6229,
      "step": 830
    },
    {
      "epoch": 2.61,
      "learning_rate": 1e-05,
      "loss": 0.6456,
      "step": 831
    },
    {
      "epoch": 2.62,
      "learning_rate": 1e-05,
      "loss": 0.6155,
      "step": 832
    },
    {
      "epoch": 2.62,
      "learning_rate": 1e-05,
      "loss": 0.6165,
      "step": 833
    },
    {
      "epoch": 2.62,
      "learning_rate": 1e-05,
      "loss": 0.5714,
      "step": 834
    },
    {
      "epoch": 2.63,
      "learning_rate": 1e-05,
      "loss": 0.6287,
      "step": 835
    },
    {
      "epoch": 2.63,
      "learning_rate": 1e-05,
      "loss": 0.6344,
      "step": 836
    },
    {
      "epoch": 2.63,
      "learning_rate": 1e-05,
      "loss": 0.5603,
      "step": 837
    },
    {
      "epoch": 2.64,
      "learning_rate": 1e-05,
      "loss": 0.5834,
      "step": 838
    },
    {
      "epoch": 2.64,
      "learning_rate": 1e-05,
      "loss": 0.5892,
      "step": 839
    },
    {
      "epoch": 2.64,
      "learning_rate": 1e-05,
      "loss": 0.5842,
      "step": 840
    },
    {
      "epoch": 2.65,
      "learning_rate": 1e-05,
      "loss": 0.6136,
      "step": 841
    },
    {
      "epoch": 2.65,
      "learning_rate": 1e-05,
      "loss": 0.5496,
      "step": 842
    },
    {
      "epoch": 2.65,
      "learning_rate": 1e-05,
      "loss": 0.5588,
      "step": 843
    },
    {
      "epoch": 2.66,
      "learning_rate": 1e-05,
      "loss": 0.5982,
      "step": 844
    },
    {
      "epoch": 2.66,
      "learning_rate": 1e-05,
      "loss": 0.622,
      "step": 845
    },
    {
      "epoch": 2.66,
      "learning_rate": 1e-05,
      "loss": 0.5841,
      "step": 846
    },
    {
      "epoch": 2.66,
      "learning_rate": 1e-05,
      "loss": 0.596,
      "step": 847
    },
    {
      "epoch": 2.67,
      "learning_rate": 1e-05,
      "loss": 0.6102,
      "step": 848
    },
    {
      "epoch": 2.67,
      "learning_rate": 1e-05,
      "loss": 0.574,
      "step": 849
    },
    {
      "epoch": 2.67,
      "learning_rate": 1e-05,
      "loss": 0.5661,
      "step": 850
    },
    {
      "epoch": 2.68,
      "learning_rate": 1e-05,
      "loss": 0.6246,
      "step": 851
    },
    {
      "epoch": 2.68,
      "learning_rate": 1e-05,
      "loss": 0.5576,
      "step": 852
    },
    {
      "epoch": 2.68,
      "learning_rate": 1e-05,
      "loss": 0.6378,
      "step": 853
    },
    {
      "epoch": 2.69,
      "learning_rate": 1e-05,
      "loss": 0.6071,
      "step": 854
    },
    {
      "epoch": 2.69,
      "learning_rate": 1e-05,
      "loss": 0.6233,
      "step": 855
    },
    {
      "epoch": 2.69,
      "learning_rate": 1e-05,
      "loss": 0.5875,
      "step": 856
    },
    {
      "epoch": 2.7,
      "learning_rate": 1e-05,
      "loss": 0.5856,
      "step": 857
    },
    {
      "epoch": 2.7,
      "learning_rate": 1e-05,
      "loss": 0.5954,
      "step": 858
    },
    {
      "epoch": 2.7,
      "learning_rate": 1e-05,
      "loss": 0.5925,
      "step": 859
    },
    {
      "epoch": 2.71,
      "learning_rate": 1e-05,
      "loss": 0.5939,
      "step": 860
    },
    {
      "epoch": 2.71,
      "learning_rate": 1e-05,
      "loss": 0.5522,
      "step": 861
    },
    {
      "epoch": 2.71,
      "learning_rate": 1e-05,
      "loss": 0.5033,
      "step": 862
    },
    {
      "epoch": 2.71,
      "learning_rate": 1e-05,
      "loss": 0.5992,
      "step": 863
    },
    {
      "epoch": 2.72,
      "learning_rate": 1e-05,
      "loss": 0.6458,
      "step": 864
    },
    {
      "epoch": 2.72,
      "learning_rate": 1e-05,
      "loss": 0.6391,
      "step": 865
    },
    {
      "epoch": 2.72,
      "learning_rate": 1e-05,
      "loss": 0.6371,
      "step": 866
    },
    {
      "epoch": 2.73,
      "learning_rate": 1e-05,
      "loss": 0.5823,
      "step": 867
    },
    {
      "epoch": 2.73,
      "learning_rate": 1e-05,
      "loss": 0.6267,
      "step": 868
    },
    {
      "epoch": 2.73,
      "learning_rate": 1e-05,
      "loss": 0.5682,
      "step": 869
    },
    {
      "epoch": 2.74,
      "learning_rate": 1e-05,
      "loss": 0.5895,
      "step": 870
    },
    {
      "epoch": 2.74,
      "learning_rate": 1e-05,
      "loss": 0.6178,
      "step": 871
    },
    {
      "epoch": 2.74,
      "learning_rate": 1e-05,
      "loss": 0.6138,
      "step": 872
    },
    {
      "epoch": 2.75,
      "learning_rate": 1e-05,
      "loss": 0.6839,
      "step": 873
    },
    {
      "epoch": 2.75,
      "learning_rate": 1e-05,
      "loss": 0.6656,
      "step": 874
    },
    {
      "epoch": 2.75,
      "learning_rate": 1e-05,
      "loss": 0.6406,
      "step": 875
    },
    {
      "epoch": 2.76,
      "learning_rate": 1e-05,
      "loss": 0.5597,
      "step": 876
    },
    {
      "epoch": 2.76,
      "learning_rate": 1e-05,
      "loss": 0.621,
      "step": 877
    },
    {
      "epoch": 2.76,
      "learning_rate": 1e-05,
      "loss": 0.5877,
      "step": 878
    },
    {
      "epoch": 2.77,
      "learning_rate": 1e-05,
      "loss": 0.6204,
      "step": 879
    },
    {
      "epoch": 2.77,
      "learning_rate": 1e-05,
      "loss": 0.5723,
      "step": 880
    },
    {
      "epoch": 2.77,
      "learning_rate": 1e-05,
      "loss": 0.6086,
      "step": 881
    },
    {
      "epoch": 2.77,
      "learning_rate": 1e-05,
      "loss": 0.6101,
      "step": 882
    },
    {
      "epoch": 2.78,
      "learning_rate": 1e-05,
      "loss": 0.5554,
      "step": 883
    },
    {
      "epoch": 2.78,
      "learning_rate": 1e-05,
      "loss": 0.6341,
      "step": 884
    },
    {
      "epoch": 2.78,
      "learning_rate": 1e-05,
      "loss": 0.6469,
      "step": 885
    },
    {
      "epoch": 2.79,
      "learning_rate": 1e-05,
      "loss": 0.6232,
      "step": 886
    },
    {
      "epoch": 2.79,
      "learning_rate": 1e-05,
      "loss": 0.5724,
      "step": 887
    },
    {
      "epoch": 2.79,
      "learning_rate": 1e-05,
      "loss": 0.6298,
      "step": 888
    },
    {
      "epoch": 2.8,
      "learning_rate": 1e-05,
      "loss": 0.5916,
      "step": 889
    },
    {
      "epoch": 2.8,
      "learning_rate": 1e-05,
      "loss": 0.5864,
      "step": 890
    },
    {
      "epoch": 2.8,
      "learning_rate": 1e-05,
      "loss": 0.6004,
      "step": 891
    },
    {
      "epoch": 2.81,
      "learning_rate": 1e-05,
      "loss": 0.5532,
      "step": 892
    },
    {
      "epoch": 2.81,
      "learning_rate": 1e-05,
      "loss": 0.6162,
      "step": 893
    },
    {
      "epoch": 2.81,
      "learning_rate": 1e-05,
      "loss": 0.5175,
      "step": 894
    },
    {
      "epoch": 2.82,
      "learning_rate": 1e-05,
      "loss": 0.6444,
      "step": 895
    },
    {
      "epoch": 2.82,
      "learning_rate": 1e-05,
      "loss": 0.545,
      "step": 896
    },
    {
      "epoch": 2.82,
      "learning_rate": 1e-05,
      "loss": 0.6146,
      "step": 897
    },
    {
      "epoch": 2.83,
      "learning_rate": 1e-05,
      "loss": 0.5745,
      "step": 898
    },
    {
      "epoch": 2.83,
      "learning_rate": 1e-05,
      "loss": 0.5996,
      "step": 899
    },
    {
      "epoch": 2.83,
      "learning_rate": 1e-05,
      "loss": 0.6093,
      "step": 900
    },
    {
      "epoch": 2.83,
      "learning_rate": 1e-05,
      "loss": 0.5374,
      "step": 901
    },
    {
      "epoch": 2.84,
      "learning_rate": 1e-05,
      "loss": 0.5416,
      "step": 902
    },
    {
      "epoch": 2.84,
      "learning_rate": 1e-05,
      "loss": 0.5759,
      "step": 903
    },
    {
      "epoch": 2.84,
      "learning_rate": 1e-05,
      "loss": 0.6348,
      "step": 904
    },
    {
      "epoch": 2.85,
      "learning_rate": 1e-05,
      "loss": 0.6197,
      "step": 905
    },
    {
      "epoch": 2.85,
      "learning_rate": 1e-05,
      "loss": 0.642,
      "step": 906
    },
    {
      "epoch": 2.85,
      "learning_rate": 1e-05,
      "loss": 0.6692,
      "step": 907
    },
    {
      "epoch": 2.86,
      "learning_rate": 1e-05,
      "loss": 0.6298,
      "step": 908
    },
    {
      "epoch": 2.86,
      "learning_rate": 1e-05,
      "loss": 0.5494,
      "step": 909
    },
    {
      "epoch": 2.86,
      "learning_rate": 1e-05,
      "loss": 0.5422,
      "step": 910
    },
    {
      "epoch": 2.87,
      "learning_rate": 1e-05,
      "loss": 0.6226,
      "step": 911
    },
    {
      "epoch": 2.87,
      "learning_rate": 1e-05,
      "loss": 0.6085,
      "step": 912
    },
    {
      "epoch": 2.87,
      "learning_rate": 1e-05,
      "loss": 0.642,
      "step": 913
    },
    {
      "epoch": 2.88,
      "learning_rate": 1e-05,
      "loss": 0.5789,
      "step": 914
    },
    {
      "epoch": 2.88,
      "learning_rate": 1e-05,
      "loss": 0.5516,
      "step": 915
    },
    {
      "epoch": 2.88,
      "learning_rate": 1e-05,
      "loss": 0.5754,
      "step": 916
    },
    {
      "epoch": 2.88,
      "learning_rate": 1e-05,
      "loss": 0.5911,
      "step": 917
    },
    {
      "epoch": 2.89,
      "learning_rate": 1e-05,
      "loss": 0.6476,
      "step": 918
    },
    {
      "epoch": 2.89,
      "learning_rate": 1e-05,
      "loss": 0.5612,
      "step": 919
    },
    {
      "epoch": 2.89,
      "learning_rate": 1e-05,
      "loss": 0.5606,
      "step": 920
    },
    {
      "epoch": 2.9,
      "learning_rate": 1e-05,
      "loss": 0.6243,
      "step": 921
    },
    {
      "epoch": 2.9,
      "learning_rate": 1e-05,
      "loss": 0.5497,
      "step": 922
    },
    {
      "epoch": 2.9,
      "learning_rate": 1e-05,
      "loss": 0.6097,
      "step": 923
    },
    {
      "epoch": 2.91,
      "learning_rate": 1e-05,
      "loss": 0.5869,
      "step": 924
    },
    {
      "epoch": 2.91,
      "learning_rate": 1e-05,
      "loss": 0.5466,
      "step": 925
    },
    {
      "epoch": 2.91,
      "learning_rate": 1e-05,
      "loss": 0.6518,
      "step": 926
    },
    {
      "epoch": 2.92,
      "learning_rate": 1e-05,
      "loss": 0.6627,
      "step": 927
    },
    {
      "epoch": 2.92,
      "learning_rate": 1e-05,
      "loss": 0.5937,
      "step": 928
    },
    {
      "epoch": 2.92,
      "learning_rate": 1e-05,
      "loss": 0.5528,
      "step": 929
    },
    {
      "epoch": 2.93,
      "learning_rate": 1e-05,
      "loss": 0.6153,
      "step": 930
    },
    {
      "epoch": 2.93,
      "learning_rate": 1e-05,
      "loss": 0.6254,
      "step": 931
    },
    {
      "epoch": 2.93,
      "learning_rate": 1e-05,
      "loss": 0.612,
      "step": 932
    },
    {
      "epoch": 2.94,
      "learning_rate": 1e-05,
      "loss": 0.6642,
      "step": 933
    },
    {
      "epoch": 2.94,
      "learning_rate": 1e-05,
      "loss": 0.6375,
      "step": 934
    },
    {
      "epoch": 2.94,
      "learning_rate": 1e-05,
      "loss": 0.594,
      "step": 935
    },
    {
      "epoch": 2.94,
      "learning_rate": 1e-05,
      "loss": 0.5483,
      "step": 936
    },
    {
      "epoch": 2.95,
      "learning_rate": 1e-05,
      "loss": 0.5148,
      "step": 937
    },
    {
      "epoch": 2.95,
      "learning_rate": 1e-05,
      "loss": 0.5928,
      "step": 938
    },
    {
      "epoch": 2.95,
      "learning_rate": 1e-05,
      "loss": 0.5889,
      "step": 939
    },
    {
      "epoch": 2.96,
      "learning_rate": 1e-05,
      "loss": 0.6027,
      "step": 940
    },
    {
      "epoch": 2.96,
      "learning_rate": 1e-05,
      "loss": 0.6379,
      "step": 941
    },
    {
      "epoch": 2.96,
      "learning_rate": 1e-05,
      "loss": 0.518,
      "step": 942
    },
    {
      "epoch": 2.97,
      "learning_rate": 1e-05,
      "loss": 0.5907,
      "step": 943
    },
    {
      "epoch": 2.97,
      "learning_rate": 1e-05,
      "loss": 0.5943,
      "step": 944
    },
    {
      "epoch": 2.97,
      "learning_rate": 1e-05,
      "loss": 0.6073,
      "step": 945
    },
    {
      "epoch": 2.98,
      "learning_rate": 1e-05,
      "loss": 0.5577,
      "step": 946
    },
    {
      "epoch": 2.98,
      "learning_rate": 1e-05,
      "loss": 0.6781,
      "step": 947
    },
    {
      "epoch": 2.98,
      "learning_rate": 1e-05,
      "loss": 0.5986,
      "step": 948
    },
    {
      "epoch": 2.99,
      "learning_rate": 1e-05,
      "loss": 0.6306,
      "step": 949
    },
    {
      "epoch": 2.99,
      "learning_rate": 1e-05,
      "loss": 0.6318,
      "step": 950
    },
    {
      "epoch": 2.99,
      "learning_rate": 1e-05,
      "loss": 0.568,
      "step": 951
    },
    {
      "epoch": 2.99,
      "step": 951,
      "total_flos": 6156595369082880.0,
      "train_loss": 0.7972438373024155,
      "train_runtime": 86823.681,
      "train_samples_per_second": 5.623,
      "train_steps_per_second": 0.011
    }
  ],
  "logging_steps": 1.0,
  "max_steps": 951,
  "num_train_epochs": 3,
  "save_steps": 2000,
  "total_flos": 6156595369082880.0,
  "trial_name": null,
  "trial_params": null
}
